make: Entering directory '/home/bench/results/contrib/build'
make -C ./src/backend generated-headers
make[1]: Entering directory '/home/bench/results/contrib/build/src/backend'
make -C ../include/catalog generated-headers
make -C nodes generated-header-symlinks
make -C utils generated-header-symlinks
make[2]: Entering directory '/home/bench/results/contrib/build/src/backend/nodes'
make[2]: Nothing to be done for 'generated-header-symlinks'.
make[2]: Leaving directory '/home/bench/results/contrib/build/src/backend/nodes'
make[2]: Entering directory '/home/bench/results/contrib/build/src/backend/utils'
make -C adt jsonpath_gram.h
make[2]: Entering directory '/home/bench/results/contrib/build/src/include/catalog'
make[2]: Nothing to be done for 'generated-headers'.
make[2]: Leaving directory '/home/bench/results/contrib/build/src/include/catalog'
make[3]: Entering directory '/home/bench/results/contrib/build/src/backend/utils/adt'
make[3]: 'jsonpath_gram.h' is up to date.
make[3]: Leaving directory '/home/bench/results/contrib/build/src/backend/utils/adt'
make[2]: Leaving directory '/home/bench/results/contrib/build/src/backend/utils'
make[1]: Leaving directory '/home/bench/results/contrib/build/src/backend'
make -C src install
make -C config install
make[1]: Entering directory '/home/bench/results/contrib/build/config'
/usr/bin/mkdir -p '/home/bench/results/contrib/install/lib/postgresql/pgxs/config'
/usr/bin/install -c -m 755 /home/bench/results/contrib/source/config/install-sh '/home/bench/results/contrib/install/lib/postgresql/pgxs/config/install-sh'
make[1]: Entering directory '/home/bench/results/contrib/build/src'
make -C common install
/usr/bin/install -c -m 755 /home/bench/results/contrib/source/config/missing '/home/bench/results/contrib/install/lib/postgresql/pgxs/config/missing'
make[1]: Leaving directory '/home/bench/results/contrib/build/config'
make[2]: Entering directory '/home/bench/results/contrib/build/src/common'
/usr/bin/mkdir -p '/home/bench/results/contrib/install/lib'
/usr/bin/install -c -m 644  libpgcommon.a '/home/bench/results/contrib/install/lib/libpgcommon.a'
/usr/bin/install -c -m 644  libpgcommon_shlib.a '/home/bench/results/contrib/install/lib/libpgcommon_shlib.a'
make[2]: Leaving directory '/home/bench/results/contrib/build/src/common'
make -C port install
make[2]: Entering directory '/home/bench/results/contrib/build/src/port'
/usr/bin/mkdir -p '/home/bench/results/contrib/install/lib'
/usr/bin/install -c -m 644  libpgport.a '/home/bench/results/contrib/install/lib/libpgport.a'
/usr/bin/install -c -m 644  libpgport_shlib.a '/home/bench/results/contrib/install/lib/libpgport_shlib.a'
make[2]: Leaving directory '/home/bench/results/contrib/build/src/port'
make -C timezone install
make[2]: Entering directory '/home/bench/results/contrib/build/src/timezone'
make -C ../../src/port all
/usr/bin/mkdir -p '/home/bench/results/contrib/install/share/postgresql'
make[3]: Entering directory '/home/bench/results/contrib/build/src/port'
make[3]: Nothing to be done for 'all'.
make[3]: Leaving directory '/home/bench/results/contrib/build/src/port'
make -C ../../src/common all
make[3]: Entering directory '/home/bench/results/contrib/build/src/common'
make[3]: Nothing to be done for 'all'.
make[3]: Leaving directory '/home/bench/results/contrib/build/src/common'
./zic -d '/home/bench/results/contrib/install/share/postgresql/timezone'  /home/bench/results/contrib/source/src/timezone/data/tzdata.zi
make -C tznames install
make[3]: Entering directory '/home/bench/results/contrib/build/src/timezone/tznames'
/usr/bin/mkdir -p '/home/bench/results/contrib/install/share/postgresql/timezonesets'
/usr/bin/install -c -m 644 /home/bench/results/contrib/source/src/timezone/tznames/Africa.txt /home/bench/results/contrib/source/src/timezone/tznames/America.txt /home/bench/results/contrib/source/src/timezone/tznames/Antarctica.txt /home/bench/results/contrib/source/src/timezone/tznames/Asia.txt /home/bench/results/contrib/source/src/timezone/tznames/Atlantic.txt /home/bench/results/contrib/source/src/timezone/tznames/Australia.txt /home/bench/results/contrib/source/src/timezone/tznames/Etc.txt /home/bench/results/contrib/source/src/timezone/tznames/Europe.txt /home/bench/results/contrib/source/src/timezone/tznames/Indian.txt /home/bench/results/contrib/source/src/timezone/tznames/Pacific.txt '/home/bench/results/contrib/install/share/postgresql/timezonesets'
/usr/bin/install -c -m 644 /home/bench/results/contrib/source/src/timezone/tznames/Default /home/bench/results/contrib/source/src/timezone/tznames/Australia /home/bench/results/contrib/source/src/timezone/tznames/India '/home/bench/results/contrib/install/share/postgresql/timezonesets'
make[3]: Leaving directory '/home/bench/results/contrib/build/src/timezone/tznames'
make[2]: Leaving directory '/home/bench/results/contrib/build/src/timezone'
make -C backend install
make[2]: Entering directory '/home/bench/results/contrib/build/src/backend'
make -C ../../src/port all
make -C ../include/catalog generated-headers
make -C utils generated-header-symlinks
make -C access all
make -C archive all
make -C backup all
make -C bootstrap all
make -C catalog all
make[3]: Entering directory '/home/bench/results/contrib/build/src/backend/archive'
make[3]: Nothing to be done for 'all'.
make[3]: Leaving directory '/home/bench/results/contrib/build/src/backend/archive'
make[3]: Entering directory '/home/bench/results/contrib/build/src/port'
make[3]: Nothing to be done for 'all'.
make[3]: Leaving directory '/home/bench/results/contrib/build/src/port'
make[3]: Entering directory '/home/bench/results/contrib/build/src/backend/access'
make -C brin all
make -C parser all
make[3]: Entering directory '/home/bench/results/contrib/build/src/backend/backup'
make[3]: Nothing to be done for 'all'.
make[3]: Leaving directory '/home/bench/results/contrib/build/src/backend/backup'
make -C ../../src/common all
make[3]: Entering directory '/home/bench/results/contrib/build/src/backend/bootstrap'
make[3]: Nothing to be done for 'all'.
make[3]: Leaving directory '/home/bench/results/contrib/build/src/backend/bootstrap'
make -C common all
make -C commands all
make[3]: Entering directory '/home/bench/results/contrib/build/src/backend/catalog'
make[3]: Nothing to be done for 'all'.
make[3]: Leaving directory '/home/bench/results/contrib/build/src/backend/catalog'
make -C executor all
make[3]: Entering directory '/home/bench/results/contrib/build/src/backend/utils'
make -C adt jsonpath_gram.h
make[4]: Entering directory '/home/bench/results/contrib/build/src/backend/access/brin'
make[4]: Nothing to be done for 'all'.
make[4]: Leaving directory '/home/bench/results/contrib/build/src/backend/access/brin'
make[3]: Entering directory '/home/bench/results/contrib/build/src/backend/parser'
make[3]: Nothing to be done for 'all'.
make[3]: Leaving directory '/home/bench/results/contrib/build/src/backend/parser'
make -C foreign all
make -C gin all
make[4]: Entering directory '/home/bench/results/contrib/build/src/backend/access/common'
make[4]: Nothing to be done for 'all'.
make[4]: Leaving directory '/home/bench/results/contrib/build/src/backend/access/common'
make -C gist all
make[3]: Entering directory '/home/bench/results/contrib/build/src/include/catalog'
make[3]: Nothing to be done for 'generated-headers'.
make[3]: Leaving directory '/home/bench/results/contrib/build/src/include/catalog'
make[3]: Entering directory '/home/bench/results/contrib/build/src/backend/foreign'
make[3]: Nothing to be done for 'all'.
make[3]: Leaving directory '/home/bench/results/contrib/build/src/backend/foreign'
make[4]: Entering directory '/home/bench/results/contrib/build/src/backend/utils/adt'
make[4]: 'jsonpath_gram.h' is up to date.
make[4]: Leaving directory '/home/bench/results/contrib/build/src/backend/utils/adt'
make -C lib all
make[3]: Entering directory '/home/bench/results/contrib/build/src/backend/executor'
make[3]: Nothing to be done for 'all'.
make[3]: Leaving directory '/home/bench/results/contrib/build/src/backend/executor'
make -C libpq all
make -C main all
make[4]: Entering directory '/home/bench/results/contrib/build/src/backend/access/gin'
make[4]: Nothing to be done for 'all'.
make[4]: Leaving directory '/home/bench/results/contrib/build/src/backend/access/gin'
make[3]: Leaving directory '/home/bench/results/contrib/build/src/backend/utils'
make -C hash all
make -C nodes all
make[3]: Entering directory '/home/bench/results/contrib/build/src/common'
make[3]: Nothing to be done for 'all'.
make[3]: Leaving directory '/home/bench/results/contrib/build/src/common'
make[3]: Entering directory '/home/bench/results/contrib/build/src/backend/commands'
make[3]: Nothing to be done for 'all'.
make[3]: Leaving directory '/home/bench/results/contrib/build/src/backend/commands'
make[4]: Entering directory '/home/bench/results/contrib/build/src/backend/access/gist'
make[4]: Nothing to be done for 'all'.
make[4]: Leaving directory '/home/bench/results/contrib/build/src/backend/access/gist'
make -C heap all
make[3]: Entering directory '/home/bench/results/contrib/build/src/backend/lib'
make[3]: Nothing to be done for 'all'.
make[3]: Leaving directory '/home/bench/results/contrib/build/src/backend/lib'
make -C index all
make -C optimizer all
make[3]: Entering directory '/home/bench/results/contrib/build/src/backend/libpq'
make[3]: Nothing to be done for 'all'.
make[3]: Leaving directory '/home/bench/results/contrib/build/src/backend/libpq'
make[3]: Entering directory '/home/bench/results/contrib/build/src/backend/main'
make[3]: Nothing to be done for 'all'.
make[3]: Leaving directory '/home/bench/results/contrib/build/src/backend/main'
make -C nbtree all
make -C partitioning all
make -C rmgrdesc all
make[4]: Entering directory '/home/bench/results/contrib/build/src/backend/access/hash'
make[4]: Nothing to be done for 'all'.
make[4]: Leaving directory '/home/bench/results/contrib/build/src/backend/access/hash'
make -C spgist all
make[3]: Entering directory '/home/bench/results/contrib/build/src/backend/nodes'
make[3]: Nothing to be done for 'all'.
make[3]: Leaving directory '/home/bench/results/contrib/build/src/backend/nodes'
make[4]: Entering directory '/home/bench/results/contrib/build/src/backend/access/heap'
make[4]: Nothing to be done for 'all'.
make[4]: Leaving directory '/home/bench/results/contrib/build/src/backend/access/heap'
make -C sequence all
make -C port all
make[4]: Entering directory '/home/bench/results/contrib/build/src/backend/access/index'
make[4]: Nothing to be done for 'all'.
make[4]: Leaving directory '/home/bench/results/contrib/build/src/backend/access/index'
make[3]: Entering directory '/home/bench/results/contrib/build/src/backend/optimizer'
make -C geqo all
make[3]: Entering directory '/home/bench/results/contrib/build/src/backend/partitioning'
make[3]: Nothing to be done for 'all'.
make[3]: Leaving directory '/home/bench/results/contrib/build/src/backend/partitioning'
make[4]: Entering directory '/home/bench/results/contrib/build/src/backend/access/nbtree'
make[4]: Nothing to be done for 'all'.
make[4]: Leaving directory '/home/bench/results/contrib/build/src/backend/access/nbtree'
make -C table all
make -C postmaster all
make -C regex all
make[4]: Entering directory '/home/bench/results/contrib/build/src/backend/access/rmgrdesc'
make[4]: Nothing to be done for 'all'.
make[4]: Leaving directory '/home/bench/results/contrib/build/src/backend/access/rmgrdesc'
make -C tablesample all
make[4]: Entering directory '/home/bench/results/contrib/build/src/backend/access/spgist'
make[4]: Nothing to be done for 'all'.
make[4]: Leaving directory '/home/bench/results/contrib/build/src/backend/access/spgist'
make[4]: Entering directory '/home/bench/results/contrib/build/src/backend/access/sequence'
make[4]: Nothing to be done for 'all'.
make[4]: Leaving directory '/home/bench/results/contrib/build/src/backend/access/sequence'
make[3]: Entering directory '/home/bench/results/contrib/build/src/backend/port'
make[3]: Nothing to be done for 'all'.
make[3]: Leaving directory '/home/bench/results/contrib/build/src/backend/port'
make -C replication all
make -C path all
make -C transam all
make[4]: Entering directory '/home/bench/results/contrib/build/src/backend/optimizer/geqo'
make[4]: Nothing to be done for 'all'.
make[4]: Leaving directory '/home/bench/results/contrib/build/src/backend/optimizer/geqo'
make -C plan all
make[4]: Entering directory '/home/bench/results/contrib/build/src/backend/access/table'
make[4]: Nothing to be done for 'all'.
make[4]: Leaving directory '/home/bench/results/contrib/build/src/backend/access/table'
make -C rewrite all
make[3]: Entering directory '/home/bench/results/contrib/build/src/backend/regex'
make[3]: Nothing to be done for 'all'.
make[3]: Leaving directory '/home/bench/results/contrib/build/src/backend/regex'
make[3]: Entering directory '/home/bench/results/contrib/build/src/backend/postmaster'
make[3]: Nothing to be done for 'all'.
make[3]: Leaving directory '/home/bench/results/contrib/build/src/backend/postmaster'
make[3]: Entering directory '/home/bench/results/contrib/build/src/backend/replication'
make -C logical all
make[4]: Entering directory '/home/bench/results/contrib/build/src/backend/access/tablesample'
make[4]: Nothing to be done for 'all'.
make[4]: Leaving directory '/home/bench/results/contrib/build/src/backend/access/tablesample'
make -C prep all
make[4]: Entering directory '/home/bench/results/contrib/build/src/backend/optimizer/path'
make[4]: Nothing to be done for 'all'.
make[4]: Leaving directory '/home/bench/results/contrib/build/src/backend/optimizer/path'
make -C util all
make[4]: Entering directory '/home/bench/results/contrib/build/src/backend/optimizer/plan'
make[4]: Nothing to be done for 'all'.
make[4]: Leaving directory '/home/bench/results/contrib/build/src/backend/optimizer/plan'
make -C statistics all
make -C storage all
make[4]: Entering directory '/home/bench/results/contrib/build/src/backend/access/transam'
make[4]: Nothing to be done for 'all'.
make[4]: Leaving directory '/home/bench/results/contrib/build/src/backend/access/transam'
make -C tcop all
make[3]: Leaving directory '/home/bench/results/contrib/build/src/backend/access'
make[4]: Entering directory '/home/bench/results/contrib/build/src/backend/replication/logical'
make[4]: Nothing to be done for 'all'.
make[4]: Leaving directory '/home/bench/results/contrib/build/src/backend/replication/logical'
make[4]: Entering directory '/home/bench/results/contrib/build/src/backend/optimizer/prep'
make[4]: Nothing to be done for 'all'.
make[4]: Leaving directory '/home/bench/results/contrib/build/src/backend/optimizer/prep'
make[3]: Leaving directory '/home/bench/results/contrib/build/src/backend/replication'
make -C tsearch all
make -C utils all
make[3]: Entering directory '/home/bench/results/contrib/build/src/backend/rewrite'
make[3]: Nothing to be done for 'all'.
make[3]: Leaving directory '/home/bench/results/contrib/build/src/backend/rewrite'
make[3]: Entering directory '/home/bench/results/contrib/build/src/backend/tcop'
make[3]: Nothing to be done for 'all'.
make -C ../../src/timezone all
make[3]: Leaving directory '/home/bench/results/contrib/build/src/backend/tcop'
make[3]: Entering directory '/home/bench/results/contrib/build/src/backend/statistics'
make[3]: Nothing to be done for 'all'.
make[3]: Leaving directory '/home/bench/results/contrib/build/src/backend/statistics'
make[3]: Entering directory '/home/bench/results/contrib/build/src/backend/storage'
make -C aio all
make[4]: Entering directory '/home/bench/results/contrib/build/src/backend/optimizer/util'
make[4]: Nothing to be done for 'all'.
make[4]: Leaving directory '/home/bench/results/contrib/build/src/backend/optimizer/util'
make[3]: Leaving directory '/home/bench/results/contrib/build/src/backend/optimizer'
make -C buffer all
make -C jit all
make -C file all
make -C freespace all
make[3]: Entering directory '/home/bench/results/contrib/build/src/timezone'
make -C ../../src/port all
make[3]: Entering directory '/home/bench/results/contrib/build/src/backend/tsearch'
make[3]: Nothing to be done for 'all'.
make[3]: Leaving directory '/home/bench/results/contrib/build/src/backend/tsearch'
make[4]: Entering directory '/home/bench/results/contrib/build/src/backend/storage/aio'
make[4]: Nothing to be done for 'all'.
make[4]: Leaving directory '/home/bench/results/contrib/build/src/backend/storage/aio'
make[3]: Entering directory '/home/bench/results/contrib/build/src/backend/jit'
make[3]: Nothing to be done for 'all'.
make[3]: Leaving directory '/home/bench/results/contrib/build/src/backend/jit'
make -C ipc all
make[4]: Entering directory '/home/bench/results/contrib/build/src/backend/storage/buffer'
make[4]: Nothing to be done for 'all'.
make[4]: Leaving directory '/home/bench/results/contrib/build/src/backend/storage/buffer'
make[4]: Entering directory '/home/bench/results/contrib/build/src/backend/storage/file'
make[4]: Nothing to be done for 'all'.
make[4]: Leaving directory '/home/bench/results/contrib/build/src/backend/storage/file'
/usr/bin/mkdir -p '/home/bench/results/contrib/install/bin' '/home/bench/results/contrib/install/share/postgresql'
make -C large_object all
make -C access install
make -C lmgr all
make[3]: Entering directory '/home/bench/results/contrib/build/src/backend/utils'
make -C activity all
make[4]: Entering directory '/home/bench/results/contrib/build/src/backend/storage/freespace'
make[4]: Nothing to be done for 'all'.
make[4]: Leaving directory '/home/bench/results/contrib/build/src/backend/storage/freespace'
make -C page all
make[4]: Entering directory '/home/bench/results/contrib/build/src/port'
make[4]: Nothing to be done for 'all'.
make[4]: Leaving directory '/home/bench/results/contrib/build/src/port'
make -C ../../src/common all
make[4]: Entering directory '/home/bench/results/contrib/build/src/backend/storage/large_object'
make[4]: Nothing to be done for 'all'.
make[4]: Leaving directory '/home/bench/results/contrib/build/src/backend/storage/large_object'
make -C smgr all
make[3]: Entering directory '/home/bench/results/contrib/build/src/backend/access'
make -C brin install
make -C archive install
make[4]: Entering directory '/home/bench/results/contrib/build/src/backend/storage/lmgr'
make[4]: Nothing to be done for 'all'.
make[4]: Leaving directory '/home/bench/results/contrib/build/src/backend/storage/lmgr'
make[4]: Entering directory '/home/bench/results/contrib/build/src/backend/storage/ipc'
make[4]: Nothing to be done for 'all'.
make[4]: Leaving directory '/home/bench/results/contrib/build/src/backend/storage/ipc'
make -C backup install
make -C adt all
make[4]: Entering directory '/home/bench/results/contrib/build/src/backend/storage/page'
make[4]: Nothing to be done for 'all'.
make[4]: Leaving directory '/home/bench/results/contrib/build/src/backend/storage/page'
make -C sync all
make[4]: Entering directory '/home/bench/results/contrib/build/src/backend/utils/activity'
make[4]: Nothing to be done for 'all'.
make[4]: Leaving directory '/home/bench/results/contrib/build/src/backend/utils/activity'
make[4]: Entering directory '/home/bench/results/contrib/build/src/backend/storage/smgr'
make[4]: Nothing to be done for 'all'.
make[4]: Leaving directory '/home/bench/results/contrib/build/src/backend/storage/smgr'
make[3]: Entering directory '/home/bench/results/contrib/build/src/backend/backup'
make[3]: Nothing to be done for 'install'.
make[3]: Leaving directory '/home/bench/results/contrib/build/src/backend/backup'
make[3]: Entering directory '/home/bench/results/contrib/build/src/backend/archive'
make[3]: Nothing to be done for 'install'.
make[3]: Leaving directory '/home/bench/results/contrib/build/src/backend/archive'
make -C common install
make[4]: Entering directory '/home/bench/results/contrib/build/src/backend/access/brin'
make[4]: Nothing to be done for 'install'.
make[4]: Leaving directory '/home/bench/results/contrib/build/src/backend/access/brin'
make -C bootstrap install
make -C cache all
make -C gin install
make -C catalog install
make[4]: Entering directory '/home/bench/results/contrib/build/src/backend/storage/sync'
make[4]: Nothing to be done for 'all'.
make[4]: Leaving directory '/home/bench/results/contrib/build/src/backend/storage/sync'
make[3]: Leaving directory '/home/bench/results/contrib/build/src/backend/storage'
make[4]: Entering directory '/home/bench/results/contrib/build/src/backend/access/common'
make[4]: Nothing to be done for 'install'.
make[4]: Leaving directory '/home/bench/results/contrib/build/src/backend/access/common'
make[3]: Entering directory '/home/bench/results/contrib/build/src/backend/bootstrap'
make[3]: Nothing to be done for 'install'.
make[3]: Leaving directory '/home/bench/results/contrib/build/src/backend/bootstrap'
make[4]: Entering directory '/home/bench/results/contrib/build/src/common'
make[4]: Nothing to be done for 'all'.
make[4]: Leaving directory '/home/bench/results/contrib/build/src/common'
make -C gist install
make[3]: Entering directory '/home/bench/results/contrib/build/src/backend/catalog'
make[3]: Nothing to be done for 'install'.
make[3]: Leaving directory '/home/bench/results/contrib/build/src/backend/catalog'
make[4]: Entering directory '/home/bench/results/contrib/build/src/backend/access/gin'
make[4]: Nothing to be done for 'install'.
make[4]: Leaving directory '/home/bench/results/contrib/build/src/backend/access/gin'
make[3]: Leaving directory '/home/bench/results/contrib/build/src/timezone'
make -C hash install
make -C error all
make -C parser install
make -C fmgr all
make -C commands install
make[4]: Entering directory '/home/bench/results/contrib/build/src/backend/utils/cache'
make[4]: Nothing to be done for 'all'.
make[4]: Leaving directory '/home/bench/results/contrib/build/src/backend/utils/cache'
make -C hash all
make[4]: Entering directory '/home/bench/results/contrib/build/src/backend/access/gist'
make[4]: Nothing to be done for 'install'.
make[4]: Leaving directory '/home/bench/results/contrib/build/src/backend/access/gist'
make[4]: Entering directory '/home/bench/results/contrib/build/src/backend/access/hash'
make[4]: Nothing to be done for 'install'.
make[4]: Leaving directory '/home/bench/results/contrib/build/src/backend/access/hash'
make[3]: Entering directory '/home/bench/results/contrib/build/src/backend/parser'
make[3]: Nothing to be done for 'install'.
make[3]: Leaving directory '/home/bench/results/contrib/build/src/backend/parser'
make -C heap install
make[3]: Entering directory '/home/bench/results/contrib/build/src/backend/commands'
make[3]: Nothing to be done for 'install'.
make[3]: Leaving directory '/home/bench/results/contrib/build/src/backend/commands'
make[4]: Entering directory '/home/bench/results/contrib/build/src/backend/utils/error'
make[4]: Nothing to be done for 'all'.
make[4]: Leaving directory '/home/bench/results/contrib/build/src/backend/utils/error'
make[4]: Entering directory '/home/bench/results/contrib/build/src/backend/utils/fmgr'
make[4]: Nothing to be done for 'all'.
make[4]: Leaving directory '/home/bench/results/contrib/build/src/backend/utils/fmgr'
make -C executor install
make -C init all
make -C index install
make -C foreign install
make -C mb all
make[4]: Entering directory '/home/bench/results/contrib/build/src/backend/utils/hash'
make[4]: Nothing to be done for 'all'.
make[4]: Leaving directory '/home/bench/results/contrib/build/src/backend/utils/hash'
make -C misc all
make[4]: Entering directory '/home/bench/results/contrib/build/src/backend/access/heap'
make[4]: Nothing to be done for 'install'.
make[4]: Leaving directory '/home/bench/results/contrib/build/src/backend/access/heap'
make -C lib install
make[4]: Entering directory '/home/bench/results/contrib/build/src/backend/access/index'
make[4]: Nothing to be done for 'install'.
make[4]: Leaving directory '/home/bench/results/contrib/build/src/backend/access/index'
make[3]: Entering directory '/home/bench/results/contrib/build/src/backend/executor'
make[3]: Nothing to be done for 'install'.
make[3]: Leaving directory '/home/bench/results/contrib/build/src/backend/executor'
make[3]: Entering directory '/home/bench/results/contrib/build/src/backend/foreign'
make[3]: Nothing to be done for 'install'.
make[3]: Leaving directory '/home/bench/results/contrib/build/src/backend/foreign'
make -C nbtree install
make -C libpq install
make -C mmgr all
make[4]: Entering directory '/home/bench/results/contrib/build/src/backend/utils/adt'
make[4]: Nothing to be done for 'all'.
make[4]: Leaving directory '/home/bench/results/contrib/build/src/backend/utils/adt'
make[4]: Entering directory '/home/bench/results/contrib/build/src/backend/utils/init'
make[4]: Nothing to be done for 'all'.
make[4]: Leaving directory '/home/bench/results/contrib/build/src/backend/utils/init'
make -C resowner all
make[4]: Entering directory '/home/bench/results/contrib/build/src/backend/utils/mb'
make[4]: Nothing to be done for 'all'.
make[4]: Leaving directory '/home/bench/results/contrib/build/src/backend/utils/mb'
make -C sort all
make -C rmgrdesc install
make[4]: Entering directory '/home/bench/results/contrib/build/src/backend/utils/misc'
make[4]: Nothing to be done for 'all'.
make[4]: Leaving directory '/home/bench/results/contrib/build/src/backend/utils/misc'
make[3]: Entering directory '/home/bench/results/contrib/build/src/backend/lib'
make[3]: Nothing to be done for 'install'.
make[3]: Leaving directory '/home/bench/results/contrib/build/src/backend/lib'
make -C main install
make -C nodes install
make[4]: Entering directory '/home/bench/results/contrib/build/src/backend/access/nbtree'
make[4]: Nothing to be done for 'install'.
make[4]: Leaving directory '/home/bench/results/contrib/build/src/backend/access/nbtree'
make[3]: Entering directory '/home/bench/results/contrib/build/src/backend/libpq'
make[3]: Nothing to be done for 'install'.
make[3]: Leaving directory '/home/bench/results/contrib/build/src/backend/libpq'
make -C spgist install
make[4]: Entering directory '/home/bench/results/contrib/build/src/backend/utils/resowner'
make[4]: Nothing to be done for 'all'.
make[4]: Leaving directory '/home/bench/results/contrib/build/src/backend/utils/resowner'
make[4]: Entering directory '/home/bench/results/contrib/build/src/backend/utils/mmgr'
make[4]: Nothing to be done for 'all'.
make[4]: Leaving directory '/home/bench/results/contrib/build/src/backend/utils/mmgr'
make -C sequence install
make -C time all
make[4]: Entering directory '/home/bench/results/contrib/build/src/backend/utils/sort'
make[4]: Nothing to be done for 'all'.
make[4]: Leaving directory '/home/bench/results/contrib/build/src/backend/utils/sort'
make[4]: Entering directory '/home/bench/results/contrib/build/src/backend/access/rmgrdesc'
make[4]: Nothing to be done for 'install'.
make[4]: Leaving directory '/home/bench/results/contrib/build/src/backend/access/rmgrdesc'
make -C table install
make -C optimizer install
make[3]: Entering directory '/home/bench/results/contrib/build/src/backend/main'
make[3]: Nothing to be done for 'install'.
make[3]: Leaving directory '/home/bench/results/contrib/build/src/backend/main'
make -C adt jsonpath_gram.h
make -C partitioning install
make[3]: Entering directory '/home/bench/results/contrib/build/src/backend/nodes'
make[3]: Nothing to be done for 'install'.
make[3]: Leaving directory '/home/bench/results/contrib/build/src/backend/nodes'
make[4]: Entering directory '/home/bench/results/contrib/build/src/backend/access/spgist'
make[4]: Nothing to be done for 'install'.
make[4]: Leaving directory '/home/bench/results/contrib/build/src/backend/access/spgist'
make -C tablesample install
make[4]: Entering directory '/home/bench/results/contrib/build/src/backend/access/sequence'
make[4]: Nothing to be done for 'install'.
make[4]: Leaving directory '/home/bench/results/contrib/build/src/backend/access/sequence'
make -C transam install
make[4]: Entering directory '/home/bench/results/contrib/build/src/backend/utils/time'
make[4]: Nothing to be done for 'all'.
make[4]: Leaving directory '/home/bench/results/contrib/build/src/backend/utils/time'
make[4]: Entering directory '/home/bench/results/contrib/build/src/backend/access/table'
make[4]: Nothing to be done for 'install'.
make[4]: Leaving directory '/home/bench/results/contrib/build/src/backend/access/table'
make[3]: Entering directory '/home/bench/results/contrib/build/src/backend/optimizer'
make -C geqo install
make -C path install
make -C plan install
make[4]: Entering directory '/home/bench/results/contrib/build/src/backend/utils/adt'
make[4]: 'jsonpath_gram.h' is up to date.
make[4]: Leaving directory '/home/bench/results/contrib/build/src/backend/utils/adt'
make[3]: Leaving directory '/home/bench/results/contrib/build/src/backend/utils'
make[4]: Entering directory '/home/bench/results/contrib/build/src/backend/access/tablesample'
make[4]: Nothing to be done for 'install'.
make[4]: Leaving directory '/home/bench/results/contrib/build/src/backend/access/tablesample'
make -C prep install
make -C port install
make -C util install
make[4]: Entering directory '/home/bench/results/contrib/build/src/backend/access/transam'
make[4]: Nothing to be done for 'install'.
make[4]: Leaving directory '/home/bench/results/contrib/build/src/backend/access/transam'
make[3]: Leaving directory '/home/bench/results/contrib/build/src/backend/access'
make -C postmaster install
make[4]: Entering directory '/home/bench/results/contrib/build/src/backend/optimizer/geqo'
make[4]: Nothing to be done for 'install'.
make[4]: Leaving directory '/home/bench/results/contrib/build/src/backend/optimizer/geqo'
make[4]: Entering directory '/home/bench/results/contrib/build/src/backend/optimizer/path'
make[4]: Nothing to be done for 'install'.
make[4]: Leaving directory '/home/bench/results/contrib/build/src/backend/optimizer/path'
make[3]: Entering directory '/home/bench/results/contrib/build/src/backend/partitioning'
make[3]: Nothing to be done for 'install'.
make[3]: Leaving directory '/home/bench/results/contrib/build/src/backend/partitioning'
make[4]: Entering directory '/home/bench/results/contrib/build/src/backend/optimizer/plan'
make[4]: Nothing to be done for 'install'.
make[4]: Leaving directory '/home/bench/results/contrib/build/src/backend/optimizer/plan'
make -C regex install
make -C replication install
make -C rewrite install
make -C statistics install
make[3]: Entering directory '/home/bench/results/contrib/build/src/backend/port'
make[3]: Nothing to be done for 'install'.
make[3]: Leaving directory '/home/bench/results/contrib/build/src/backend/port'
make[4]: Entering directory '/home/bench/results/contrib/build/src/backend/optimizer/prep'
make[4]: Nothing to be done for 'install'.
make[4]: Leaving directory '/home/bench/results/contrib/build/src/backend/optimizer/prep'
make[4]: Entering directory '/home/bench/results/contrib/build/src/backend/optimizer/util'
make[4]: Nothing to be done for 'install'.
make[4]: Leaving directory '/home/bench/results/contrib/build/src/backend/optimizer/util'
make[3]: Leaving directory '/home/bench/results/contrib/build/src/backend/optimizer'
make[3]: Entering directory '/home/bench/results/contrib/build/src/backend/postmaster'
make[3]: Nothing to be done for 'install'.
make[3]: Leaving directory '/home/bench/results/contrib/build/src/backend/postmaster'
make[3]: Entering directory '/home/bench/results/contrib/build/src/backend/regex'
make[3]: Nothing to be done for 'install'.
make[3]: Leaving directory '/home/bench/results/contrib/build/src/backend/regex'
make -C storage install
make[3]: Entering directory '/home/bench/results/contrib/build/src/backend/replication'
make -C logical install
make[3]: Entering directory '/home/bench/results/contrib/build/src/backend/rewrite'
make[3]: Nothing to be done for 'install'.
make[3]: Leaving directory '/home/bench/results/contrib/build/src/backend/rewrite'
make -C tcop install
make -C tsearch install
make -C utils install
make[3]: Entering directory '/home/bench/results/contrib/build/src/backend/statistics'
make[3]: Nothing to be done for 'install'.
make[3]: Leaving directory '/home/bench/results/contrib/build/src/backend/statistics'
make -C ../../src/timezone install
make -C jit install
make[4]: Entering directory '/home/bench/results/contrib/build/src/backend/replication/logical'
make[4]: Nothing to be done for 'install'.
make[4]: Leaving directory '/home/bench/results/contrib/build/src/backend/replication/logical'
make[3]: Entering directory '/home/bench/results/contrib/build/src/backend/tcop'
make[3]: Nothing to be done for 'install'.
make[3]: Leaving directory '/home/bench/results/contrib/build/src/backend/tcop'
make[3]: Leaving directory '/home/bench/results/contrib/build/src/backend/replication'
make[3]: Entering directory '/home/bench/results/contrib/build/src/backend/storage'
make -C aio install
make[3]: Entering directory '/home/bench/results/contrib/build/src/timezone'
make -C ../../src/port all
make[3]: Entering directory '/home/bench/results/contrib/build/src/backend/tsearch'
make[3]: Nothing to be done for 'install'.
make[3]: Leaving directory '/home/bench/results/contrib/build/src/backend/tsearch'
/usr/bin/install -c  postgres '/home/bench/results/contrib/install/bin/postgres'
make -C buffer install
/usr/bin/mkdir -p '/home/bench/results/contrib/install/share/postgresql'
make[3]: Entering directory '/home/bench/results/contrib/build/src/backend/jit'
make[3]: Nothing to be done for 'install'.
make[3]: Leaving directory '/home/bench/results/contrib/build/src/backend/jit'
make[3]: Entering directory '/home/bench/results/contrib/build/src/backend/utils'
make -C activity install
make -C adt install
make -C cache install
make[4]: Entering directory '/home/bench/results/contrib/build/src/backend/storage/buffer'
make[4]: Nothing to be done for 'install'.
make[4]: Leaving directory '/home/bench/results/contrib/build/src/backend/storage/buffer'
make -C file install
make[4]: Entering directory '/home/bench/results/contrib/build/src/backend/storage/aio'
make[4]: Nothing to be done for 'install'.
make[4]: Leaving directory '/home/bench/results/contrib/build/src/backend/storage/aio'
make -C freespace install
make -C ipc install
make[4]: Entering directory '/home/bench/results/contrib/build/src/backend/utils/activity'
make[4]: Nothing to be done for 'install'.
make[4]: Leaving directory '/home/bench/results/contrib/build/src/backend/utils/activity'
make -C error install
make[4]: Entering directory '/home/bench/results/contrib/build/src/backend/utils/adt'
make[4]: Nothing to be done for 'install'.
make[4]: Leaving directory '/home/bench/results/contrib/build/src/backend/utils/adt'
make[4]: Entering directory '/home/bench/results/contrib/build/src/backend/utils/cache'
make[4]: Nothing to be done for 'install'.
make[4]: Leaving directory '/home/bench/results/contrib/build/src/backend/utils/cache'
make -C fmgr install
make -C hash install
make[4]: Entering directory '/home/bench/results/contrib/build/src/port'
make[4]: Nothing to be done for 'all'.
make[4]: Leaving directory '/home/bench/results/contrib/build/src/port'
make -C ../../src/common all
make[4]: Entering directory '/home/bench/results/contrib/build/src/backend/storage/file'
make[4]: Nothing to be done for 'install'.
make[4]: Leaving directory '/home/bench/results/contrib/build/src/backend/storage/file'
make[4]: Entering directory '/home/bench/results/contrib/build/src/backend/storage/freespace'
make[4]: Nothing to be done for 'install'.
make[4]: Leaving directory '/home/bench/results/contrib/build/src/backend/storage/freespace'
make[4]: Entering directory '/home/bench/results/contrib/build/src/backend/storage/ipc'
make[4]: Nothing to be done for 'install'.
make[4]: Leaving directory '/home/bench/results/contrib/build/src/backend/storage/ipc'
make -C large_object install
make -C lmgr install
make -C init install
make[4]: Entering directory '/home/bench/results/contrib/build/src/backend/utils/error'
make[4]: Nothing to be done for 'install'.
make[4]: Leaving directory '/home/bench/results/contrib/build/src/backend/utils/error'
make[4]: Entering directory '/home/bench/results/contrib/build/src/backend/utils/fmgr'
make[4]: Nothing to be done for 'install'.
make[4]: Leaving directory '/home/bench/results/contrib/build/src/backend/utils/fmgr'
make -C mb install
make[4]: Entering directory '/home/bench/results/contrib/build/src/backend/utils/hash'
make[4]: Nothing to be done for 'install'.
make[4]: Leaving directory '/home/bench/results/contrib/build/src/backend/utils/hash'
make -C misc install
make -C mmgr install
make[4]: Entering directory '/home/bench/results/contrib/build/src/backend/storage/large_object'
make[4]: Nothing to be done for 'install'.
make[4]: Leaving directory '/home/bench/results/contrib/build/src/backend/storage/large_object'
make[4]: Entering directory '/home/bench/results/contrib/build/src/backend/storage/lmgr'
make[4]: Nothing to be done for 'install'.
make[4]: Leaving directory '/home/bench/results/contrib/build/src/backend/storage/lmgr'
make -C page install
make[4]: Entering directory '/home/bench/results/contrib/build/src/backend/utils/init'
make[4]: Nothing to be done for 'install'.
make[4]: Leaving directory '/home/bench/results/contrib/build/src/backend/utils/init'
make -C smgr install
make -C resowner install
make[4]: Entering directory '/home/bench/results/contrib/build/src/backend/utils/mb'
make[4]: Nothing to be done for 'install'.
make[4]: Leaving directory '/home/bench/results/contrib/build/src/backend/utils/mb'
make[4]: Entering directory '/home/bench/results/contrib/build/src/backend/utils/misc'
make[4]: Nothing to be done for 'install'.
make[4]: Leaving directory '/home/bench/results/contrib/build/src/backend/utils/misc'
make[4]: Entering directory '/home/bench/results/contrib/build/src/backend/utils/mmgr'
make[4]: Nothing to be done for 'install'.
make[4]: Leaving directory '/home/bench/results/contrib/build/src/backend/utils/mmgr'
make -C sort install
make -C sync install
make -C time install
make[4]: Entering directory '/home/bench/results/contrib/build/src/common'
make[4]: Nothing to be done for 'all'.
make[4]: Leaving directory '/home/bench/results/contrib/build/src/common'
./zic -d '/home/bench/results/contrib/install/share/postgresql/timezone'  /home/bench/results/contrib/source/src/timezone/data/tzdata.zi
make[4]: Entering directory '/home/bench/results/contrib/build/src/backend/storage/page'
make[4]: Nothing to be done for 'install'.
make[4]: Leaving directory '/home/bench/results/contrib/build/src/backend/storage/page'
make[4]: Entering directory '/home/bench/results/contrib/build/src/backend/storage/smgr'
make[4]: Nothing to be done for 'install'.
make[4]: Leaving directory '/home/bench/results/contrib/build/src/backend/storage/smgr'
make[4]: Entering directory '/home/bench/results/contrib/build/src/backend/utils/resowner'
make[4]: Nothing to be done for 'install'.
make[4]: Leaving directory '/home/bench/results/contrib/build/src/backend/utils/resowner'
make[4]: Entering directory '/home/bench/results/contrib/build/src/backend/storage/sync'
make[4]: Nothing to be done for 'install'.
make[4]: Leaving directory '/home/bench/results/contrib/build/src/backend/storage/sync'
make[4]: Entering directory '/home/bench/results/contrib/build/src/backend/utils/time'
make[4]: Nothing to be done for 'install'.
make[4]: Leaving directory '/home/bench/results/contrib/build/src/backend/utils/time'
make[3]: Leaving directory '/home/bench/results/contrib/build/src/backend/storage'
make[4]: Entering directory '/home/bench/results/contrib/build/src/backend/utils/sort'
make[4]: Nothing to be done for 'install'.
make[4]: Leaving directory '/home/bench/results/contrib/build/src/backend/utils/sort'
make[3]: Leaving directory '/home/bench/results/contrib/build/src/backend/utils'
make -C tznames install
make[4]: Entering directory '/home/bench/results/contrib/build/src/timezone/tznames'
/usr/bin/mkdir -p '/home/bench/results/contrib/install/share/postgresql/timezonesets'
/usr/bin/install -c -m 644 /home/bench/results/contrib/source/src/timezone/tznames/Africa.txt /home/bench/results/contrib/source/src/timezone/tznames/America.txt /home/bench/results/contrib/source/src/timezone/tznames/Antarctica.txt /home/bench/results/contrib/source/src/timezone/tznames/Asia.txt /home/bench/results/contrib/source/src/timezone/tznames/Atlantic.txt /home/bench/results/contrib/source/src/timezone/tznames/Australia.txt /home/bench/results/contrib/source/src/timezone/tznames/Etc.txt /home/bench/results/contrib/source/src/timezone/tznames/Europe.txt /home/bench/results/contrib/source/src/timezone/tznames/Indian.txt /home/bench/results/contrib/source/src/timezone/tznames/Pacific.txt '/home/bench/results/contrib/install/share/postgresql/timezonesets'
/usr/bin/install -c -m 644 /home/bench/results/contrib/source/src/timezone/tznames/Default /home/bench/results/contrib/source/src/timezone/tznames/Australia /home/bench/results/contrib/source/src/timezone/tznames/India '/home/bench/results/contrib/install/share/postgresql/timezonesets'
make[4]: Leaving directory '/home/bench/results/contrib/build/src/timezone/tznames'
make[3]: Leaving directory '/home/bench/results/contrib/build/src/timezone'
make -C catalog install-data
make[3]: Entering directory '/home/bench/results/contrib/build/src/backend/catalog'
/usr/bin/mkdir -p '/home/bench/results/contrib/install/share/postgresql'
/usr/bin/install -c -m 644 /home/bench/results/contrib/source/src/backend/catalog/system_functions.sql '/home/bench/results/contrib/install/share/postgresql/system_functions.sql'
/usr/bin/install -c -m 644 /home/bench/results/contrib/source/src/backend/catalog/system_views.sql '/home/bench/results/contrib/install/share/postgresql/system_views.sql'
/usr/bin/install -c -m 644 /home/bench/results/contrib/source/src/backend/catalog/information_schema.sql '/home/bench/results/contrib/install/share/postgresql/information_schema.sql'
/usr/bin/install -c -m 644 /home/bench/results/contrib/source/src/backend/catalog/sql_features.txt '/home/bench/results/contrib/install/share/postgresql/sql_features.txt'
make[3]: Leaving directory '/home/bench/results/contrib/build/src/backend/catalog'
make -C tsearch install-data
make[3]: Entering directory '/home/bench/results/contrib/build/src/backend/tsearch'
/usr/bin/mkdir -p '/home/bench/results/contrib/install/share/postgresql' '/home/bench/results/contrib/install/share/postgresql/tsearch_data'
/usr/bin/install -c -m 644 /home/bench/results/contrib/source/src/backend/tsearch/dicts/synonym_sample.syn /home/bench/results/contrib/source/src/backend/tsearch/dicts/thesaurus_sample.ths /home/bench/results/contrib/source/src/backend/tsearch/dicts/hunspell_sample.affix /home/bench/results/contrib/source/src/backend/tsearch/dicts/ispell_sample.affix /home/bench/results/contrib/source/src/backend/tsearch/dicts/ispell_sample.dict /home/bench/results/contrib/source/src/backend/tsearch/dicts/hunspell_sample_long.affix /home/bench/results/contrib/source/src/backend/tsearch/dicts/hunspell_sample_long.dict /home/bench/results/contrib/source/src/backend/tsearch/dicts/hunspell_sample_num.affix /home/bench/results/contrib/source/src/backend/tsearch/dicts/hunspell_sample_num.dict '/home/bench/results/contrib/install/share/postgresql/tsearch_data/'
make[3]: Leaving directory '/home/bench/results/contrib/build/src/backend/tsearch'
make -C utils install-data
make[3]: Entering directory '/home/bench/results/contrib/build/src/backend/utils'
/usr/bin/mkdir -p '/home/bench/results/contrib/install/share/postgresql'
/usr/bin/install -c -m 644 /home/bench/results/contrib/source/src/backend/utils/errcodes.txt '/home/bench/results/contrib/install/share/postgresql/errcodes.txt'
make[3]: Leaving directory '/home/bench/results/contrib/build/src/backend/utils'
/usr/bin/install -c -m 644 /home/bench/results/contrib/source/src/backend/libpq/pg_hba.conf.sample '/home/bench/results/contrib/install/share/postgresql/pg_hba.conf.sample'
/usr/bin/install -c -m 644 /home/bench/results/contrib/source/src/backend/libpq/pg_ident.conf.sample '/home/bench/results/contrib/install/share/postgresql/pg_ident.conf.sample'
/usr/bin/install -c -m 644 /home/bench/results/contrib/source/src/backend/libpq/pg_hosts.conf.sample '/home/bench/results/contrib/install/share/postgresql/pg_hosts.conf.sample'
/usr/bin/install -c -m 644 /home/bench/results/contrib/source/src/backend/utils/misc/postgresql.conf.sample '/home/bench/results/contrib/install/share/postgresql/postgresql.conf.sample'
make[2]: Leaving directory '/home/bench/results/contrib/build/src/backend'
make -C backend/utils/mb/conversion_procs install
make[2]: Entering directory '/home/bench/results/contrib/build/src/backend/utils/mb/conversion_procs'
make -C cyrillic install
make -C euc_jp_and_sjis install
make -C euc_tw_and_big5 install
make -C latin2_and_win1250 install
make -C utf8_and_big5 install
make -C utf8_and_cyrillic install
make -C utf8_and_euc_cn install
make -C utf8_and_euc_jp install
make[3]: Entering directory '/home/bench/results/contrib/build/src/backend/utils/mb/conversion_procs/euc_jp_and_sjis'
/usr/bin/mkdir -p '/home/bench/results/contrib/install/lib/postgresql'
make[3]: Entering directory '/home/bench/results/contrib/build/src/backend/utils/mb/conversion_procs/utf8_and_big5'
/usr/bin/mkdir -p '/home/bench/results/contrib/install/lib/postgresql'
/usr/bin/install -c -m 755  euc_jp_and_sjis.so '/home/bench/results/contrib/install/lib/postgresql/euc_jp_and_sjis.so'
make[3]: Leaving directory '/home/bench/results/contrib/build/src/backend/utils/mb/conversion_procs/euc_jp_and_sjis'
/usr/bin/install -c -m 755  utf8_and_big5.so '/home/bench/results/contrib/install/lib/postgresql/utf8_and_big5.so'
make[3]: Entering directory '/home/bench/results/contrib/build/src/backend/utils/mb/conversion_procs/utf8_and_euc_cn'
make[3]: Entering directory '/home/bench/results/contrib/build/src/backend/utils/mb/conversion_procs/cyrillic'
/usr/bin/mkdir -p '/home/bench/results/contrib/install/lib/postgresql'
/usr/bin/mkdir -p '/home/bench/results/contrib/install/lib/postgresql'
make[3]: Entering directory '/home/bench/results/contrib/build/src/backend/utils/mb/conversion_procs/latin2_and_win1250'
/usr/bin/mkdir -p '/home/bench/results/contrib/install/lib/postgresql'
make -C utf8_and_euc_kr install
make[3]: Entering directory '/home/bench/results/contrib/build/src/backend/utils/mb/conversion_procs/euc_tw_and_big5'
/usr/bin/mkdir -p '/home/bench/results/contrib/install/lib/postgresql'
make[3]: Leaving directory '/home/bench/results/contrib/build/src/backend/utils/mb/conversion_procs/utf8_and_big5'
make[3]: Entering directory '/home/bench/results/contrib/build/src/backend/utils/mb/conversion_procs/utf8_and_cyrillic'
/usr/bin/mkdir -p '/home/bench/results/contrib/install/lib/postgresql'
/usr/bin/install -c -m 755  cyrillic.so '/home/bench/results/contrib/install/lib/postgresql/cyrillic.so'
/usr/bin/install -c -m 755  utf8_and_euc_cn.so '/home/bench/results/contrib/install/lib/postgresql/utf8_and_euc_cn.so'
/usr/bin/install -c -m 755  latin2_and_win1250.so '/home/bench/results/contrib/install/lib/postgresql/latin2_and_win1250.so'
make -C utf8_and_euc_tw install
make[3]: Entering directory '/home/bench/results/contrib/build/src/backend/utils/mb/conversion_procs/utf8_and_euc_jp'
/usr/bin/mkdir -p '/home/bench/results/contrib/install/lib/postgresql'
/usr/bin/install -c -m 755  utf8_and_cyrillic.so '/home/bench/results/contrib/install/lib/postgresql/utf8_and_cyrillic.so'
make[3]: Leaving directory '/home/bench/results/contrib/build/src/backend/utils/mb/conversion_procs/latin2_and_win1250'
make -C utf8_and_gb18030 install
make[3]: Leaving directory '/home/bench/results/contrib/build/src/backend/utils/mb/conversion_procs/utf8_and_cyrillic'
make -C utf8_and_gbk install
make[3]: Leaving directory '/home/bench/results/contrib/build/src/backend/utils/mb/conversion_procs/cyrillic'
make -C utf8_and_iso8859 install
make[3]: Leaving directory '/home/bench/results/contrib/build/src/backend/utils/mb/conversion_procs/utf8_and_euc_cn'
/usr/bin/install -c -m 755  euc_tw_and_big5.so '/home/bench/results/contrib/install/lib/postgresql/euc_tw_and_big5.so'
make -C utf8_and_iso8859_1 install
make[3]: Entering directory '/home/bench/results/contrib/build/src/backend/utils/mb/conversion_procs/utf8_and_euc_kr'
/usr/bin/mkdir -p '/home/bench/results/contrib/install/lib/postgresql'
/usr/bin/install -c -m 755  utf8_and_euc_jp.so '/home/bench/results/contrib/install/lib/postgresql/utf8_and_euc_jp.so'
make[3]: Entering directory '/home/bench/results/contrib/build/src/backend/utils/mb/conversion_procs/utf8_and_gb18030'
/usr/bin/mkdir -p '/home/bench/results/contrib/install/lib/postgresql'
/usr/bin/install -c -m 755  utf8_and_euc_kr.so '/home/bench/results/contrib/install/lib/postgresql/utf8_and_euc_kr.so'
make[3]: Entering directory '/home/bench/results/contrib/build/src/backend/utils/mb/conversion_procs/utf8_and_gbk'
/usr/bin/mkdir -p '/home/bench/results/contrib/install/lib/postgresql'
make[3]: Leaving directory '/home/bench/results/contrib/build/src/backend/utils/mb/conversion_procs/euc_tw_and_big5'
make[3]: Leaving directory '/home/bench/results/contrib/build/src/backend/utils/mb/conversion_procs/utf8_and_euc_jp'
/usr/bin/install -c -m 755  utf8_and_gb18030.so '/home/bench/results/contrib/install/lib/postgresql/utf8_and_gb18030.so'
/usr/bin/install -c -m 755  utf8_and_gbk.so '/home/bench/results/contrib/install/lib/postgresql/utf8_and_gbk.so'
make -C utf8_and_johab install
make[3]: Leaving directory '/home/bench/results/contrib/build/src/backend/utils/mb/conversion_procs/utf8_and_euc_kr'
make -C utf8_and_sjis install
make[3]: Leaving directory '/home/bench/results/contrib/build/src/backend/utils/mb/conversion_procs/utf8_and_gb18030'
make[3]: Entering directory '/home/bench/results/contrib/build/src/backend/utils/mb/conversion_procs/utf8_and_euc_tw'
/usr/bin/mkdir -p '/home/bench/results/contrib/install/lib/postgresql'
make -C utf8_and_win install
make -C utf8_and_uhc install
make[3]: Leaving directory '/home/bench/results/contrib/build/src/backend/utils/mb/conversion_procs/utf8_and_gbk'
make -C utf8_and_euc2004 install
/usr/bin/install -c -m 755  utf8_and_euc_tw.so '/home/bench/results/contrib/install/lib/postgresql/utf8_and_euc_tw.so'
make[3]: Entering directory '/home/bench/results/contrib/build/src/backend/utils/mb/conversion_procs/utf8_and_iso8859'
/usr/bin/mkdir -p '/home/bench/results/contrib/install/lib/postgresql'
make[3]: Entering directory '/home/bench/results/contrib/build/src/backend/utils/mb/conversion_procs/utf8_and_iso8859_1'
/usr/bin/mkdir -p '/home/bench/results/contrib/install/lib/postgresql'
/usr/bin/install -c -m 755  utf8_and_iso8859_1.so '/home/bench/results/contrib/install/lib/postgresql/utf8_and_iso8859_1.so'
make[3]: Leaving directory '/home/bench/results/contrib/build/src/backend/utils/mb/conversion_procs/utf8_and_euc_tw'
make -C utf8_and_sjis2004 install
make[3]: Entering directory '/home/bench/results/contrib/build/src/backend/utils/mb/conversion_procs/utf8_and_sjis'
/usr/bin/mkdir -p '/home/bench/results/contrib/install/lib/postgresql'
make[3]: Entering directory '/home/bench/results/contrib/build/src/backend/utils/mb/conversion_procs/utf8_and_johab'
/usr/bin/mkdir -p '/home/bench/results/contrib/install/lib/postgresql'
make[3]: Entering directory '/home/bench/results/contrib/build/src/backend/utils/mb/conversion_procs/utf8_and_win'
/usr/bin/mkdir -p '/home/bench/results/contrib/install/lib/postgresql'
make[3]: Entering directory '/home/bench/results/contrib/build/src/backend/utils/mb/conversion_procs/utf8_and_uhc'
/usr/bin/mkdir -p '/home/bench/results/contrib/install/lib/postgresql'
/usr/bin/install -c -m 755  utf8_and_iso8859.so '/home/bench/results/contrib/install/lib/postgresql/utf8_and_iso8859.so'
make[3]: Entering directory '/home/bench/results/contrib/build/src/backend/utils/mb/conversion_procs/utf8_and_euc2004'
make[3]: Leaving directory '/home/bench/results/contrib/build/src/backend/utils/mb/conversion_procs/utf8_and_iso8859_1'
/usr/bin/mkdir -p '/home/bench/results/contrib/install/lib/postgresql'
/usr/bin/install -c -m 755  utf8_and_sjis.so '/home/bench/results/contrib/install/lib/postgresql/utf8_and_sjis.so'
make -C euc2004_sjis2004 install
/usr/bin/install -c -m 755  utf8_and_win.so '/home/bench/results/contrib/install/lib/postgresql/utf8_and_win.so'
/usr/bin/install -c -m 755  utf8_and_johab.so '/home/bench/results/contrib/install/lib/postgresql/utf8_and_johab.so'
make[3]: Leaving directory '/home/bench/results/contrib/build/src/backend/utils/mb/conversion_procs/utf8_and_iso8859'
/usr/bin/install -c -m 755  utf8_and_uhc.so '/home/bench/results/contrib/install/lib/postgresql/utf8_and_uhc.so'
/usr/bin/install -c -m 755  utf8_and_euc2004.so '/home/bench/results/contrib/install/lib/postgresql/utf8_and_euc2004.so'
make[3]: Leaving directory '/home/bench/results/contrib/build/src/backend/utils/mb/conversion_procs/utf8_and_sjis'
make[3]: Leaving directory '/home/bench/results/contrib/build/src/backend/utils/mb/conversion_procs/utf8_and_win'
make[3]: Leaving directory '/home/bench/results/contrib/build/src/backend/utils/mb/conversion_procs/utf8_and_johab'
make[3]: Leaving directory '/home/bench/results/contrib/build/src/backend/utils/mb/conversion_procs/utf8_and_uhc'
make[3]: Leaving directory '/home/bench/results/contrib/build/src/backend/utils/mb/conversion_procs/utf8_and_euc2004'
make[3]: Entering directory '/home/bench/results/contrib/build/src/backend/utils/mb/conversion_procs/utf8_and_sjis2004'
/usr/bin/mkdir -p '/home/bench/results/contrib/install/lib/postgresql'
/usr/bin/install -c -m 755  utf8_and_sjis2004.so '/home/bench/results/contrib/install/lib/postgresql/utf8_and_sjis2004.so'
make[3]: Entering directory '/home/bench/results/contrib/build/src/backend/utils/mb/conversion_procs/euc2004_sjis2004'
/usr/bin/mkdir -p '/home/bench/results/contrib/install/lib/postgresql'
/usr/bin/install -c -m 755  euc2004_sjis2004.so '/home/bench/results/contrib/install/lib/postgresql/euc2004_sjis2004.so'
make[3]: Leaving directory '/home/bench/results/contrib/build/src/backend/utils/mb/conversion_procs/utf8_and_sjis2004'
make[3]: Leaving directory '/home/bench/results/contrib/build/src/backend/utils/mb/conversion_procs/euc2004_sjis2004'
make[2]: Leaving directory '/home/bench/results/contrib/build/src/backend/utils/mb/conversion_procs'
make -C backend/snowball install
make[2]: Entering directory '/home/bench/results/contrib/build/src/backend/snowball'
/usr/bin/mkdir -p '/home/bench/results/contrib/install/lib/postgresql'
/usr/bin/install -c -m 644 snowball_create.sql '/home/bench/results/contrib/install/share/postgresql'
/usr/bin/mkdir -p '/home/bench/results/contrib/install/share/postgresql' '/home/bench/results/contrib/install/share/postgresql/tsearch_data'
/usr/bin/install -c -m 755  dict_snowball.so '/home/bench/results/contrib/install/lib/postgresql/dict_snowball.so'
/usr/bin/install -c -m 644 /home/bench/results/contrib/source/src/backend/snowball/stopwords/danish.stop /home/bench/results/contrib/source/src/backend/snowball/stopwords/dutch.stop /home/bench/results/contrib/source/src/backend/snowball/stopwords/english.stop /home/bench/results/contrib/source/src/backend/snowball/stopwords/finnish.stop /home/bench/results/contrib/source/src/backend/snowball/stopwords/french.stop /home/bench/results/contrib/source/src/backend/snowball/stopwords/german.stop /home/bench/results/contrib/source/src/backend/snowball/stopwords/hungarian.stop /home/bench/results/contrib/source/src/backend/snowball/stopwords/italian.stop /home/bench/results/contrib/source/src/backend/snowball/stopwords/nepali.stop /home/bench/results/contrib/source/src/backend/snowball/stopwords/norwegian.stop /home/bench/results/contrib/source/src/backend/snowball/stopwords/portuguese.stop /home/bench/results/contrib/source/src/backend/snowball/stopwords/russian.stop /home/bench/results/contrib/source/src/backend/snowball/stopwords/spanish.stop /home/bench/results/contrib/source/src/backend/snowball/stopwords/swedish.stop /home/bench/results/contrib/source/src/backend/snowball/stopwords/turkish.stop '/home/bench/results/contrib/install/share/postgresql/tsearch_data'
make[2]: Leaving directory '/home/bench/results/contrib/build/src/backend/snowball'
make -C include install
make[2]: Entering directory '/home/bench/results/contrib/build/src/include'
/usr/bin/mkdir -p '/home/bench/results/contrib/install/include/libpq' '/home/bench/results/contrib/install/include/postgresql/internal/libpq'
/usr/bin/mkdir -p '/home/bench/results/contrib/install/include/postgresql/server'/access '/home/bench/results/contrib/install/include/postgresql/server'/archive '/home/bench/results/contrib/install/include/postgresql/server'/bootstrap '/home/bench/results/contrib/install/include/postgresql/server'/catalog '/home/bench/results/contrib/install/include/postgresql/server'/commands '/home/bench/results/contrib/install/include/postgresql/server'/common '/home/bench/results/contrib/install/include/postgresql/server'/datatype '/home/bench/results/contrib/install/include/postgresql/server'/executor '/home/bench/results/contrib/install/include/postgresql/server'/fe_utils '/home/bench/results/contrib/install/include/postgresql/server'/foreign '/home/bench/results/contrib/install/include/postgresql/server'/jit '/home/bench/results/contrib/install/include/postgresql/server'/lib '/home/bench/results/contrib/install/include/postgresql/server'/libpq '/home/bench/results/contrib/install/include/postgresql/server'/mb '/home/bench/results/contrib/install/include/postgresql/server'/nodes '/home/bench/results/contrib/install/include/postgresql/server'/optimizer '/home/bench/results/contrib/install/include/postgresql/server'/parser '/home/bench/results/contrib/install/include/postgresql/server'/partitioning '/home/bench/results/contrib/install/include/postgresql/server'/postmaster '/home/bench/results/contrib/install/include/postgresql/server'/regex '/home/bench/results/contrib/install/include/postgresql/server'/replication '/home/bench/results/contrib/install/include/postgresql/server'/rewrite '/home/bench/results/contrib/install/include/postgresql/server'/statistics '/home/bench/results/contrib/install/include/postgresql/server'/storage '/home/bench/results/contrib/install/include/postgresql/server'/tcop '/home/bench/results/contrib/install/include/postgresql/server'/snowball '/home/bench/results/contrib/install/include/postgresql/server'/snowball/libstemmer '/home/bench/results/contrib/install/include/postgresql/server'/tsearch '/home/bench/results/contrib/install/include/postgresql/server'/tsearch/dicts '/home/bench/results/contrib/install/include/postgresql/server'/utils '/home/bench/results/contrib/install/include/postgresql/server'/port '/home/bench/results/contrib/install/include/postgresql/server'/port/atomics '/home/bench/results/contrib/install/include/postgresql/server'/port/win32 '/home/bench/results/contrib/install/include/postgresql/server'/port/win32_msvc '/home/bench/results/contrib/install/include/postgresql/server'/port/win32_msvc/sys '/home/bench/results/contrib/install/include/postgresql/server'/port/win32/arpa '/home/bench/results/contrib/install/include/postgresql/server'/port/win32/netinet '/home/bench/results/contrib/install/include/postgresql/server'/port/win32/sys '/home/bench/results/contrib/install/include/postgresql/server'/portability
/usr/bin/install -c -m 644 /home/bench/results/contrib/source/src/include/postgres_ext.h   '/home/bench/results/contrib/install/include'
/usr/bin/install -c -m 644 /home/bench/results/contrib/source/src/include/libpq/libpq-fs.h '/home/bench/results/contrib/install/include/libpq'
/usr/bin/install -c -m 644 pg_config.h     '/home/bench/results/contrib/install/include'
/usr/bin/install -c -m 644 pg_config_os.h  '/home/bench/results/contrib/install/include'
/usr/bin/install -c -m 644 /home/bench/results/contrib/source/src/include/pg_config_manual.h '/home/bench/results/contrib/install/include'
/usr/bin/install -c -m 644 /home/bench/results/contrib/source/src/include/c.h            '/home/bench/results/contrib/install/include/postgresql/internal'
/usr/bin/install -c -m 644 /home/bench/results/contrib/source/src/include/port.h         '/home/bench/results/contrib/install/include/postgresql/internal'
/usr/bin/install -c -m 644 /home/bench/results/contrib/source/src/include/postgres_fe.h  '/home/bench/results/contrib/install/include/postgresql/internal'
/usr/bin/install -c -m 644 /home/bench/results/contrib/source/src/include/libpq/pqcomm.h '/home/bench/results/contrib/install/include/postgresql/internal/libpq'
/usr/bin/install -c -m 644 /home/bench/results/contrib/source/src/include/libpq/protocol.h '/home/bench/results/contrib/install/include/postgresql/internal/libpq'
/usr/bin/install -c -m 644 pg_config.h     '/home/bench/results/contrib/install/include/postgresql/server'
/usr/bin/install -c -m 644 pg_config_os.h  '/home/bench/results/contrib/install/include/postgresql/server'
/usr/bin/install -c -m 644 nodes/nodetags.h '/home/bench/results/contrib/install/include/postgresql/server/nodes'
/usr/bin/install -c -m 644 utils/errcodes.h '/home/bench/results/contrib/install/include/postgresql/server/utils'
/usr/bin/install -c -m 644 utils/fmgroids.h '/home/bench/results/contrib/install/include/postgresql/server/utils'
/usr/bin/install -c -m 644 utils/fmgrprotos.h '/home/bench/results/contrib/install/include/postgresql/server/utils'
/usr/bin/install -c -m 644 /home/bench/results/contrib/source/src/include/*.h '/home/bench/results/contrib/install/include/postgresql/server'
for dir in access archive bootstrap catalog commands common datatype executor fe_utils foreign jit lib libpq mb nodes optimizer parser partitioning postmaster regex replication rewrite statistics storage tcop snowball snowball/libstemmer tsearch tsearch/dicts utils port port/atomics port/win32 port/win32_msvc port/win32_msvc/sys port/win32/arpa port/win32/netinet port/win32/sys portability; do \
  /usr/bin/install -c -m 644 /home/bench/results/contrib/source/src/include/$dir/*.h '/home/bench/results/contrib/install/include/postgresql/server'/$dir || exit; \
done
for file in storage/lwlocknames.h utils/probes.h utils/wait_event_types.h; do \
  /usr/bin/install -c -m 644 $file '/home/bench/results/contrib/install/include/postgresql/server'/$file || exit; \
done
make -C catalog install
make[3]: Entering directory '/home/bench/results/contrib/build/src/include/catalog'
/usr/bin/mkdir -p '/home/bench/results/contrib/install/share/postgresql' '/home/bench/results/contrib/install/include/postgresql/server'
/usr/bin/install -c -m 644 postgres.bki '/home/bench/results/contrib/install/share/postgresql/postgres.bki'
/usr/bin/install -c -m 644 system_constraints.sql '/home/bench/results/contrib/install/share/postgresql/system_constraints.sql'
/usr/bin/install -c -m 644 schemapg.h '/home/bench/results/contrib/install/include/postgresql/server'/catalog/schemapg.h
/usr/bin/install -c -m 644 syscache_ids.h '/home/bench/results/contrib/install/include/postgresql/server'/catalog/syscache_ids.h
/usr/bin/install -c -m 644 syscache_info.h '/home/bench/results/contrib/install/include/postgresql/server'/catalog/syscache_info.h
/usr/bin/install -c -m 644 system_fk_info.h '/home/bench/results/contrib/install/include/postgresql/server'/catalog/system_fk_info.h
for file in pg_proc_d.h pg_type_d.h pg_attribute_d.h pg_class_d.h pg_attrdef_d.h pg_constraint_d.h pg_inherits_d.h pg_index_d.h pg_operator_d.h pg_opfamily_d.h pg_opclass_d.h pg_am_d.h pg_amop_d.h pg_amproc_d.h pg_language_d.h pg_largeobject_metadata_d.h pg_largeobject_d.h pg_aggregate_d.h pg_statistic_d.h pg_statistic_ext_d.h pg_statistic_ext_data_d.h pg_rewrite_d.h pg_trigger_d.h pg_event_trigger_d.h pg_description_d.h pg_cast_d.h pg_enum_d.h pg_namespace_d.h pg_conversion_d.h pg_depend_d.h pg_database_d.h pg_db_role_setting_d.h pg_tablespace_d.h pg_authid_d.h pg_auth_members_d.h pg_shdepend_d.h pg_shdescription_d.h pg_ts_config_d.h pg_ts_config_map_d.h pg_ts_dict_d.h pg_ts_parser_d.h pg_ts_template_d.h pg_extension_d.h pg_foreign_data_wrapper_d.h pg_foreign_server_d.h pg_user_mapping_d.h pg_foreign_table_d.h pg_policy_d.h pg_replication_origin_d.h pg_default_acl_d.h pg_init_privs_d.h pg_seclabel_d.h pg_shseclabel_d.h pg_collation_d.h pg_parameter_acl_d.h pg_partitioned_table_d.h pg_range_d.h pg_transform_d.h pg_sequence_d.h pg_publication_d.h pg_publication_namespace_d.h pg_publication_rel_d.h pg_subscription_d.h pg_subscription_rel_d.h; do \
  /usr/bin/install -c -m 644 $file '/home/bench/results/contrib/install/include/postgresql/server'/catalog/$file || exit; \
done
make[3]: Leaving directory '/home/bench/results/contrib/build/src/include/catalog'
make[2]: Leaving directory '/home/bench/results/contrib/build/src/include'
make -C interfaces install
make[2]: Entering directory '/home/bench/results/contrib/build/src/interfaces'
make -C libpq install
make[3]: Entering directory '/home/bench/results/contrib/build/src/interfaces/libpq'
make -C ../../../src/port all
/usr/bin/mkdir -p '/home/bench/results/contrib/install/lib' '/home/bench/results/contrib/install/lib/pkgconfig' 
/usr/bin/mkdir -p '/home/bench/results/contrib/install/include' '/home/bench/results/contrib/install/include/postgresql/internal' '/home/bench/results/contrib/install/share/postgresql'
/usr/bin/install -c -m 644 libpq.pc '/home/bench/results/contrib/install/lib/pkgconfig/libpq.pc'
make[4]: Entering directory '/home/bench/results/contrib/build/src/port'
make[4]: Nothing to be done for 'all'.
make[4]: Leaving directory '/home/bench/results/contrib/build/src/port'
make -C ../../../src/common all
make[4]: Entering directory '/home/bench/results/contrib/build/src/common'
make[4]: Nothing to be done for 'all'.
make[4]: Leaving directory '/home/bench/results/contrib/build/src/common'
/usr/bin/install -c -m 755  libpq.so.5.20 '/home/bench/results/contrib/install/lib/libpq.so.5.20'
/usr/bin/install -c -m 644  libpq.a '/home/bench/results/contrib/install/lib/libpq.a'
cd '/home/bench/results/contrib/install/lib' && \
rm -f libpq.so.5 && \
ln -s libpq.so.5.20 libpq.so.5
cd '/home/bench/results/contrib/install/lib' && \
rm -f libpq.so && \
ln -s libpq.so.5.20 libpq.so
/usr/bin/install -c -m 644 /home/bench/results/contrib/source/src/interfaces/libpq/libpq-fe.h '/home/bench/results/contrib/install/include'
/usr/bin/install -c -m 644 /home/bench/results/contrib/source/src/interfaces/libpq/libpq-events.h '/home/bench/results/contrib/install/include'
/usr/bin/install -c -m 644 /home/bench/results/contrib/source/src/interfaces/libpq/libpq-int.h '/home/bench/results/contrib/install/include/postgresql/internal'
/usr/bin/install -c -m 644 /home/bench/results/contrib/source/src/interfaces/libpq/fe-auth-sasl.h '/home/bench/results/contrib/install/include/postgresql/internal'
/usr/bin/install -c -m 644 /home/bench/results/contrib/source/src/interfaces/libpq/pqexpbuffer.h '/home/bench/results/contrib/install/include/postgresql/internal'
/usr/bin/install -c -m 644 /home/bench/results/contrib/source/src/interfaces/libpq/pg_service.conf.sample '/home/bench/results/contrib/install/share/postgresql/pg_service.conf.sample'
make[3]: Leaving directory '/home/bench/results/contrib/build/src/interfaces/libpq'
make -C ecpg install
make[3]: Entering directory '/home/bench/results/contrib/build/src/interfaces/ecpg'
make -C include install
make[4]: Entering directory '/home/bench/results/contrib/build/src/interfaces/ecpg/include'
/usr/bin/mkdir -p '/home/bench/results/contrib/install/include' '/home/bench/results/contrib/install/include/postgresql/informix/esql'
/usr/bin/install -c -m 644 /home/bench/results/contrib/source/src/interfaces/ecpg/include/ecpgerrno.h /home/bench/results/contrib/source/src/interfaces/ecpg/include/ecpglib.h /home/bench/results/contrib/source/src/interfaces/ecpg/include/ecpgtype.h /home/bench/results/contrib/source/src/interfaces/ecpg/include/sqlca.h /home/bench/results/contrib/source/src/interfaces/ecpg/include/sql3types.h /home/bench/results/contrib/source/src/interfaces/ecpg/include/ecpg_informix.h /home/bench/results/contrib/source/src/interfaces/ecpg/include/pgtypes_error.h /home/bench/results/contrib/source/src/interfaces/ecpg/include/pgtypes_numeric.h /home/bench/results/contrib/source/src/interfaces/ecpg/include/pgtypes_timestamp.h /home/bench/results/contrib/source/src/interfaces/ecpg/include/pgtypes_date.h /home/bench/results/contrib/source/src/interfaces/ecpg/include/pgtypes_interval.h /home/bench/results/contrib/source/src/interfaces/ecpg/include/pgtypes.h /home/bench/results/contrib/source/src/interfaces/ecpg/include/sqlda.h /home/bench/results/contrib/source/src/interfaces/ecpg/include/sqlda-compat.h /home/bench/results/contrib/source/src/interfaces/ecpg/include/sqlda-native.h '/home/bench/results/contrib/install/include/'
/usr/bin/install -c -m 644 /home/bench/results/contrib/source/src/interfaces/ecpg/include/datetime.h /home/bench/results/contrib/source/src/interfaces/ecpg/include/decimal.h /home/bench/results/contrib/source/src/interfaces/ecpg/include/sqltypes.h '/home/bench/results/contrib/install/include/postgresql/informix/esql/'
/usr/bin/install -c -m 644 ../../../../src/interfaces/ecpg/include/ecpg_config.h '/home/bench/results/contrib/install/include'
make[4]: Leaving directory '/home/bench/results/contrib/build/src/interfaces/ecpg/include'
make -C pgtypeslib install
make -C preproc install
make[4]: Entering directory '/home/bench/results/contrib/build/src/interfaces/ecpg/pgtypeslib'
make -C ../../../../src/port all
/usr/bin/mkdir -p '/home/bench/results/contrib/install/lib' '/home/bench/results/contrib/install/lib/pkgconfig' 
/usr/bin/install -c -m 644 libpgtypes.pc '/home/bench/results/contrib/install/lib/pkgconfig/libpgtypes.pc'
make[4]: Entering directory '/home/bench/results/contrib/build/src/interfaces/ecpg/preproc'
make -C ../../../../src/port all
/usr/bin/mkdir -p '/home/bench/results/contrib/install/bin'
make[5]: Entering directory '/home/bench/results/contrib/build/src/port'
make[5]: Nothing to be done for 'all'.
make[5]: Leaving directory '/home/bench/results/contrib/build/src/port'
make -C ../../../../src/common all
make[5]: Entering directory '/home/bench/results/contrib/build/src/port'
make[5]: Nothing to be done for 'all'.
make[5]: Leaving directory '/home/bench/results/contrib/build/src/port'
make -C ../../../../src/common all
make[5]: Entering directory '/home/bench/results/contrib/build/src/common'
make[5]: Nothing to be done for 'all'.
make[5]: Leaving directory '/home/bench/results/contrib/build/src/common'
/usr/bin/install -c -m 755  libpgtypes.so.3.20 '/home/bench/results/contrib/install/lib/libpgtypes.so.3.20'
/usr/bin/install -c -m 644  libpgtypes.a '/home/bench/results/contrib/install/lib/libpgtypes.a'
cd '/home/bench/results/contrib/install/lib' && \
rm -f libpgtypes.so.3 && \
ln -s libpgtypes.so.3.20 libpgtypes.so.3
make[5]: Entering directory '/home/bench/results/contrib/build/src/common'
make[5]: Nothing to be done for 'all'.
make[5]: Leaving directory '/home/bench/results/contrib/build/src/common'
cd '/home/bench/results/contrib/install/lib' && \
rm -f libpgtypes.so && \
ln -s libpgtypes.so.3.20 libpgtypes.so
/usr/bin/install -c  ecpg '/home/bench/results/contrib/install/bin'
make[4]: Leaving directory '/home/bench/results/contrib/build/src/interfaces/ecpg/preproc'
make[4]: Leaving directory '/home/bench/results/contrib/build/src/interfaces/ecpg/pgtypeslib'
make -C ecpglib install
make[4]: Entering directory '/home/bench/results/contrib/build/src/interfaces/ecpg/ecpglib'
make -C ../../../../src/interfaces/libpq all
make -C ../../../../src/interfaces/ecpg/pgtypeslib all
/usr/bin/mkdir -p '/home/bench/results/contrib/install/lib' '/home/bench/results/contrib/install/lib/pkgconfig' 
/usr/bin/install -c -m 644 libecpg.pc '/home/bench/results/contrib/install/lib/pkgconfig/libecpg.pc'
make[5]: Entering directory '/home/bench/results/contrib/build/src/interfaces/ecpg/pgtypeslib'
make -C ../../../../src/port all
make[5]: Entering directory '/home/bench/results/contrib/build/src/interfaces/libpq'
make -C ../../../src/port all
make[6]: Entering directory '/home/bench/results/contrib/build/src/port'
make[6]: Nothing to be done for 'all'.
make[6]: Leaving directory '/home/bench/results/contrib/build/src/port'
make -C ../../../src/common all
make[6]: Entering directory '/home/bench/results/contrib/build/src/port'
make[6]: Nothing to be done for 'all'.
make[6]: Leaving directory '/home/bench/results/contrib/build/src/port'
make -C ../../../../src/common all
make[6]: Entering directory '/home/bench/results/contrib/build/src/common'
make[6]: Nothing to be done for 'all'.
make[6]: Leaving directory '/home/bench/results/contrib/build/src/common'
make[5]: Leaving directory '/home/bench/results/contrib/build/src/interfaces/libpq'
make[6]: Entering directory '/home/bench/results/contrib/build/src/common'
make[6]: Nothing to be done for 'all'.
make[6]: Leaving directory '/home/bench/results/contrib/build/src/common'
make[5]: Leaving directory '/home/bench/results/contrib/build/src/interfaces/ecpg/pgtypeslib'
/usr/bin/install -c -m 755  libecpg.so.6.20 '/home/bench/results/contrib/install/lib/libecpg.so.6.20'
/usr/bin/install -c -m 644  libecpg.a '/home/bench/results/contrib/install/lib/libecpg.a'
cd '/home/bench/results/contrib/install/lib' && \
rm -f libecpg.so.6 && \
ln -s libecpg.so.6.20 libecpg.so.6
cd '/home/bench/results/contrib/install/lib' && \
rm -f libecpg.so && \
ln -s libecpg.so.6.20 libecpg.so
make[4]: Leaving directory '/home/bench/results/contrib/build/src/interfaces/ecpg/ecpglib'
make -C compatlib install
make[4]: Entering directory '/home/bench/results/contrib/build/src/interfaces/ecpg/compatlib'
make -C ../../../../src/interfaces/ecpg/ecpglib all
make -C ../../../../src/interfaces/ecpg/pgtypeslib all
/usr/bin/mkdir -p '/home/bench/results/contrib/install/lib' '/home/bench/results/contrib/install/lib/pkgconfig' 
/usr/bin/install -c -m 644 libecpg_compat.pc '/home/bench/results/contrib/install/lib/pkgconfig/libecpg_compat.pc'
make[5]: Entering directory '/home/bench/results/contrib/build/src/interfaces/ecpg/ecpglib'
make -C ../../../../src/interfaces/libpq all
make -C ../../../../src/interfaces/ecpg/pgtypeslib all
make[5]: Entering directory '/home/bench/results/contrib/build/src/interfaces/ecpg/pgtypeslib'
make -C ../../../../src/port all
make[6]: Entering directory '/home/bench/results/contrib/build/src/interfaces/ecpg/pgtypeslib'
make -C ../../../../src/port all
make[6]: Entering directory '/home/bench/results/contrib/build/src/interfaces/libpq'
make -C ../../../src/port all
make[6]: Entering directory '/home/bench/results/contrib/build/src/port'
make[6]: Nothing to be done for 'all'.
make[6]: Leaving directory '/home/bench/results/contrib/build/src/port'
make -C ../../../../src/common all
make[7]: Entering directory '/home/bench/results/contrib/build/src/port'
make[7]: Nothing to be done for 'all'.
make[7]: Leaving directory '/home/bench/results/contrib/build/src/port'
make -C ../../../src/common all
make[7]: Entering directory '/home/bench/results/contrib/build/src/port'
make[7]: Nothing to be done for 'all'.
make[7]: Leaving directory '/home/bench/results/contrib/build/src/port'
make -C ../../../../src/common all
make[6]: Entering directory '/home/bench/results/contrib/build/src/common'
make[6]: Nothing to be done for 'all'.
make[6]: Leaving directory '/home/bench/results/contrib/build/src/common'
make[5]: Leaving directory '/home/bench/results/contrib/build/src/interfaces/ecpg/pgtypeslib'
make[7]: Entering directory '/home/bench/results/contrib/build/src/common'
make[7]: Nothing to be done for 'all'.
make[7]: Leaving directory '/home/bench/results/contrib/build/src/common'
make[6]: Leaving directory '/home/bench/results/contrib/build/src/interfaces/libpq'
make[7]: Entering directory '/home/bench/results/contrib/build/src/common'
make[7]: Nothing to be done for 'all'.
make[7]: Leaving directory '/home/bench/results/contrib/build/src/common'
make[6]: Leaving directory '/home/bench/results/contrib/build/src/interfaces/ecpg/pgtypeslib'
make[5]: Leaving directory '/home/bench/results/contrib/build/src/interfaces/ecpg/ecpglib'
/usr/bin/install -c -m 755  libecpg_compat.so.3.20 '/home/bench/results/contrib/install/lib/libecpg_compat.so.3.20'
/usr/bin/install -c -m 644  libecpg_compat.a '/home/bench/results/contrib/install/lib/libecpg_compat.a'
cd '/home/bench/results/contrib/install/lib' && \
rm -f libecpg_compat.so.3 && \
ln -s libecpg_compat.so.3.20 libecpg_compat.so.3
cd '/home/bench/results/contrib/install/lib' && \
rm -f libecpg_compat.so && \
ln -s libecpg_compat.so.3.20 libecpg_compat.so
make[4]: Leaving directory '/home/bench/results/contrib/build/src/interfaces/ecpg/compatlib'
make[3]: Leaving directory '/home/bench/results/contrib/build/src/interfaces/ecpg'
make[2]: Leaving directory '/home/bench/results/contrib/build/src/interfaces'
make -C backend/replication/libpqwalreceiver install
make[2]: Entering directory '/home/bench/results/contrib/build/src/backend/replication/libpqwalreceiver'
make -C ../../../../src/interfaces/libpq all
/usr/bin/mkdir -p '/home/bench/results/contrib/install/lib/postgresql'
make[3]: Entering directory '/home/bench/results/contrib/build/src/interfaces/libpq'
make -C ../../../src/port all
make[4]: Entering directory '/home/bench/results/contrib/build/src/port'
make[4]: Nothing to be done for 'all'.
make[4]: Leaving directory '/home/bench/results/contrib/build/src/port'
make -C ../../../src/common all
make[4]: Entering directory '/home/bench/results/contrib/build/src/common'
make[4]: Nothing to be done for 'all'.
make[4]: Leaving directory '/home/bench/results/contrib/build/src/common'
make[3]: Leaving directory '/home/bench/results/contrib/build/src/interfaces/libpq'
/usr/bin/install -c -m 755  libpqwalreceiver.so '/home/bench/results/contrib/install/lib/postgresql/libpqwalreceiver.so'
make[2]: Leaving directory '/home/bench/results/contrib/build/src/backend/replication/libpqwalreceiver'
make -C backend/replication/pgoutput install
make[2]: Entering directory '/home/bench/results/contrib/build/src/backend/replication/pgoutput'
/usr/bin/mkdir -p '/home/bench/results/contrib/install/lib/postgresql'
/usr/bin/install -c -m 755  pgoutput.so '/home/bench/results/contrib/install/lib/postgresql/pgoutput.so'
make[2]: Leaving directory '/home/bench/results/contrib/build/src/backend/replication/pgoutput'
make -C backend/replication/pgrepack install
make[2]: Entering directory '/home/bench/results/contrib/build/src/backend/replication/pgrepack'
/usr/bin/mkdir -p '/home/bench/results/contrib/install/lib/postgresql'
/usr/bin/install -c -m 755  pgrepack.so '/home/bench/results/contrib/install/lib/postgresql/pgrepack.so'
make[2]: Leaving directory '/home/bench/results/contrib/build/src/backend/replication/pgrepack'
make -C fe_utils install
make[2]: Entering directory '/home/bench/results/contrib/build/src/fe_utils'
/usr/bin/mkdir -p '/home/bench/results/contrib/install/lib'
/usr/bin/install -c -m 644  libpgfeutils.a '/home/bench/results/contrib/install/lib/libpgfeutils.a'
make[2]: Leaving directory '/home/bench/results/contrib/build/src/fe_utils'
make -C bin install
make[2]: Entering directory '/home/bench/results/contrib/build/src/bin'
make -C initdb install
make -C pg_amcheck install
make -C pg_archivecleanup install
make -C pg_basebackup install
make -C pg_checksums install
make -C pg_combinebackup install
make -C pg_config install
make -C pg_controldata install
make[3]: Entering directory '/home/bench/results/contrib/build/src/bin/pg_amcheck'
make -C ../../../src/interfaces/libpq all
make[3]: Entering directory '/home/bench/results/contrib/build/src/bin/pg_basebackup'
make -C ../../../src/interfaces/libpq all
make[3]: Entering directory '/home/bench/results/contrib/build/src/bin/initdb'
make -C ../../../src/interfaces/libpq all
make[3]: Entering directory '/home/bench/results/contrib/build/src/bin/pg_archivecleanup'
make -C ../../../src/port all
make[3]: Entering directory '/home/bench/results/contrib/build/src/bin/pg_checksums'
make -C ../../../src/port all
make[3]: Entering directory '/home/bench/results/contrib/build/src/bin/pg_controldata'
make -C ../../../src/port all
make[3]: Entering directory '/home/bench/results/contrib/build/src/bin/pg_combinebackup'
make -C ../../../src/port all
make[3]: Entering directory '/home/bench/results/contrib/build/src/bin/pg_config'
make -C ../../../src/port all
make[4]: Entering directory '/home/bench/results/contrib/build/src/interfaces/libpq'
make -C ../../../src/port all
make[4]: Entering directory '/home/bench/results/contrib/build/src/interfaces/libpq'
make -C ../../../src/port all
make[5]: Entering directory '/home/bench/results/contrib/build/src/port'
make[5]: Nothing to be done for 'all'.
make[5]: Leaving directory '/home/bench/results/contrib/build/src/port'
make[5]: Entering directory '/home/bench/results/contrib/build/src/port'
make[5]: Nothing to be done for 'all'.
make -C ../../../src/common all
make[5]: Leaving directory '/home/bench/results/contrib/build/src/port'
make[4]: Entering directory '/home/bench/results/contrib/build/src/interfaces/libpq'
make -C ../../../src/common all
make -C ../../../src/port all
make[4]: Entering directory '/home/bench/results/contrib/build/src/port'
make[4]: Entering directory '/home/bench/results/contrib/build/src/port'
make[4]: Nothing to be done for 'all'.
make[4]: Nothing to be done for 'all'.
make[4]: Leaving directory '/home/bench/results/contrib/build/src/port'
make[4]: Leaving directory '/home/bench/results/contrib/build/src/port'
make[4]: Entering directory '/home/bench/results/contrib/build/src/port'
make[4]: Nothing to be done for 'all'.
make[4]: Leaving directory '/home/bench/results/contrib/build/src/port'
make[4]: Entering directory '/home/bench/results/contrib/build/src/port'
make[4]: Nothing to be done for 'all'.
make[4]: Leaving directory '/home/bench/results/contrib/build/src/port'
make -C ../../../src/common all
make -C ../../../src/common all
make -C ../../../src/common all
make[4]: Entering directory '/home/bench/results/contrib/build/src/port'
make[4]: Nothing to be done for 'all'.
make[4]: Leaving directory '/home/bench/results/contrib/build/src/port'
make -C ../../../src/common all
make -C ../../../src/common all
make[5]: Entering directory '/home/bench/results/contrib/build/src/port'
make[5]: Nothing to be done for 'all'.
make[5]: Leaving directory '/home/bench/results/contrib/build/src/port'
make -C ../../../src/common all
make[5]: Entering directory '/home/bench/results/contrib/build/src/common'
make[5]: Nothing to be done for 'all'.
make[5]: Leaving directory '/home/bench/results/contrib/build/src/common'
make[4]: Leaving directory '/home/bench/results/contrib/build/src/interfaces/libpq'
make -C ../../../src/port all
make[4]: Entering directory '/home/bench/results/contrib/build/src/common'
make[4]: Nothing to be done for 'all'.
make[4]: Leaving directory '/home/bench/results/contrib/build/src/common'
make[4]: Entering directory '/home/bench/results/contrib/build/src/common'
make[4]: Nothing to be done for 'all'.
make[4]: Leaving directory '/home/bench/results/contrib/build/src/common'
/usr/bin/mkdir -p '/home/bench/results/contrib/install/bin'
make[5]: Entering directory '/home/bench/results/contrib/build/src/common'
make[5]: Nothing to be done for 'all'.
make[5]: Leaving directory '/home/bench/results/contrib/build/src/common'
make[4]: Leaving directory '/home/bench/results/contrib/build/src/interfaces/libpq'
/usr/bin/mkdir -p '/home/bench/results/contrib/install/bin'
make -C ../../../src/port all
make[4]: Entering directory '/home/bench/results/contrib/build/src/common'
make[4]: Nothing to be done for 'all'.
make[4]: Leaving directory '/home/bench/results/contrib/build/src/common'
/usr/bin/install -c  pg_checksums '/home/bench/results/contrib/install/bin/pg_checksums'
/usr/bin/mkdir -p '/home/bench/results/contrib/install/bin'
make[4]: Entering directory '/home/bench/results/contrib/build/src/port'
make[4]: Nothing to be done for 'all'.
make[4]: Leaving directory '/home/bench/results/contrib/build/src/port'
make -C ../../../src/common all
/usr/bin/install -c  pg_archivecleanup '/home/bench/results/contrib/install/bin/pg_archivecleanup'
make[4]: Entering directory '/home/bench/results/contrib/build/src/common'
make[4]: Nothing to be done for 'all'.
make[4]: Leaving directory '/home/bench/results/contrib/build/src/common'
make[4]: Entering directory '/home/bench/results/contrib/build/src/common'
make[4]: Nothing to be done for 'all'.
make[4]: Leaving directory '/home/bench/results/contrib/build/src/common'
make -C ../../../src/port all
/usr/bin/mkdir -p '/home/bench/results/contrib/install/bin'
make[3]: Leaving directory '/home/bench/results/contrib/build/src/bin/pg_checksums'
make -C ../../../src/port all
make[5]: Entering directory '/home/bench/results/contrib/build/src/common'
make[5]: Nothing to be done for 'all'.
make[5]: Leaving directory '/home/bench/results/contrib/build/src/common'
/usr/bin/install -c  pg_controldata '/home/bench/results/contrib/install/bin/pg_controldata'
/usr/bin/install -c -m 755 pg_config '/home/bench/results/contrib/install/bin/pg_config'
make[4]: Leaving directory '/home/bench/results/contrib/build/src/interfaces/libpq'
make -C ../../../src/port all
make[3]: Leaving directory '/home/bench/results/contrib/build/src/bin/pg_archivecleanup'
make -C ../../../src/port all
make[3]: Leaving directory '/home/bench/results/contrib/build/src/bin/pg_controldata'
make -C ../../../src/port all
make[4]: Entering directory '/home/bench/results/contrib/build/src/port'
make[4]: Nothing to be done for 'all'.
make[4]: Leaving directory '/home/bench/results/contrib/build/src/port'
make -C ../../../src/common all
make[3]: Leaving directory '/home/bench/results/contrib/build/src/bin/pg_config'
make -C pg_ctl install
make[4]: Entering directory '/home/bench/results/contrib/build/src/common'
make[4]: Nothing to be done for 'all'.
make[4]: Leaving directory '/home/bench/results/contrib/build/src/common'
/usr/bin/mkdir -p '/home/bench/results/contrib/install/bin'
make[4]: Entering directory '/home/bench/results/contrib/build/src/port'
make[4]: Nothing to be done for 'all'.
make[4]: Leaving directory '/home/bench/results/contrib/build/src/port'
make -C ../../../src/common all
make[4]: Entering directory '/home/bench/results/contrib/build/src/port'
make[4]: Nothing to be done for 'all'.
make[4]: Leaving directory '/home/bench/results/contrib/build/src/port'
make[4]: Entering directory '/home/bench/results/contrib/build/src/port'
make[4]: Nothing to be done for 'all'.
make[4]: Leaving directory '/home/bench/results/contrib/build/src/port'
make -C ../../../src/common all
make -C ../../../src/common all
/usr/bin/mkdir -p '/home/bench/results/contrib/install/bin'
make[4]: Entering directory '/home/bench/results/contrib/build/src/port'
make[4]: Nothing to be done for 'all'.
make[4]: Leaving directory '/home/bench/results/contrib/build/src/port'
make -C ../../../src/common all
make[4]: Entering directory '/home/bench/results/contrib/build/src/port'
make[4]: Nothing to be done for 'all'.
make[4]: Leaving directory '/home/bench/results/contrib/build/src/port'
make -C ../../../src/common all
make[3]: Entering directory '/home/bench/results/contrib/build/src/bin/pg_ctl'
make -C ../../../src/port all
make[4]: Entering directory '/home/bench/results/contrib/build/src/common'
make[4]: Nothing to be done for 'all'.
make[4]: Leaving directory '/home/bench/results/contrib/build/src/common'
/usr/bin/mkdir -p '/home/bench/results/contrib/install/bin'
/usr/bin/mkdir -p '/home/bench/results/contrib/install/bin'
make -C pg_dump install
/usr/bin/mkdir -p '/home/bench/results/contrib/install/bin'
make[4]: Entering directory '/home/bench/results/contrib/build/src/common'
make[4]: Nothing to be done for 'all'.
make[4]: Leaving directory '/home/bench/results/contrib/build/src/common'
make[4]: Entering directory '/home/bench/results/contrib/build/src/port'
make[4]: Nothing to be done for 'all'.
make[4]: Leaving directory '/home/bench/results/contrib/build/src/port'
make[4]: Entering directory '/home/bench/results/contrib/build/src/common'
make[4]: Nothing to be done for 'all'.
make[4]: Leaving directory '/home/bench/results/contrib/build/src/common'
make -C pg_resetwal install
make -C ../../../src/fe_utils all
make[4]: Entering directory '/home/bench/results/contrib/build/src/common'
make[4]: Nothing to be done for 'all'.
make[4]: Leaving directory '/home/bench/results/contrib/build/src/common'
make -C ../../../src/fe_utils all
make[4]: Entering directory '/home/bench/results/contrib/build/src/common'
make[4]: Nothing to be done for 'all'.
make[4]: Leaving directory '/home/bench/results/contrib/build/src/common'
make -C ../../../src/common all
make[4]: Entering directory '/home/bench/results/contrib/build/src/common'
make[4]: Nothing to be done for 'all'.
make[4]: Leaving directory '/home/bench/results/contrib/build/src/common'
make -C pg_rewind install
make -C ../../../src/fe_utils all
make -C ../../../src/fe_utils all
make[3]: Entering directory '/home/bench/results/contrib/build/src/bin/pg_dump'
make -C ../../../src/interfaces/libpq all
make[3]: Entering directory '/home/bench/results/contrib/build/src/bin/pg_resetwal'
make -C ../../../src/port all
make[4]: Entering directory '/home/bench/results/contrib/build/src/fe_utils'
make[4]: Nothing to be done for 'all'.
make[4]: Leaving directory '/home/bench/results/contrib/build/src/fe_utils'
make[4]: Entering directory '/home/bench/results/contrib/build/src/fe_utils'
make[4]: Nothing to be done for 'all'.
make[4]: Leaving directory '/home/bench/results/contrib/build/src/fe_utils'
/usr/bin/install -c  pg_combinebackup '/home/bench/results/contrib/install/bin/pg_combinebackup'
/usr/bin/install -c  pg_amcheck '/home/bench/results/contrib/install/bin/pg_amcheck'
make[4]: Entering directory '/home/bench/results/contrib/build/src/fe_utils'
make[4]: Nothing to be done for 'all'.
make[4]: Leaving directory '/home/bench/results/contrib/build/src/fe_utils'
make[4]: Entering directory '/home/bench/results/contrib/build/src/fe_utils'
make[4]: Nothing to be done for 'all'.
make[4]: Leaving directory '/home/bench/results/contrib/build/src/fe_utils'
make[3]: Entering directory '/home/bench/results/contrib/build/src/bin/pg_rewind'
make -C ../../../src/interfaces/libpq all
/usr/bin/install -c  initdb '/home/bench/results/contrib/install/bin/initdb'
/usr/bin/install -c  pg_basebackup '/home/bench/results/contrib/install/bin/pg_basebackup'
make[4]: Entering directory '/home/bench/results/contrib/build/src/interfaces/libpq'
make -C ../../../src/port all
make[3]: Leaving directory '/home/bench/results/contrib/build/src/bin/pg_amcheck'
make[3]: Leaving directory '/home/bench/results/contrib/build/src/bin/pg_combinebackup'
make[3]: Leaving directory '/home/bench/results/contrib/build/src/bin/initdb'
/usr/bin/install -c  pg_createsubscriber '/home/bench/results/contrib/install/bin/pg_createsubscriber'
make -C ../../../src/port all
/usr/bin/mkdir -p '/home/bench/results/contrib/install/bin'
make -C pg_test_fsync install
make[4]: Entering directory '/home/bench/results/contrib/build/src/port'
make[4]: Nothing to be done for 'all'.
make[4]: Leaving directory '/home/bench/results/contrib/build/src/port'
make[4]: Entering directory '/home/bench/results/contrib/build/src/common'
make[4]: Nothing to be done for 'all'.
make[4]: Leaving directory '/home/bench/results/contrib/build/src/common'
make -C ../../../src/common all
make -C pg_test_timing install
/usr/bin/install -c  pg_receivewal '/home/bench/results/contrib/install/bin/pg_receivewal'
make[4]: Entering directory '/home/bench/results/contrib/build/src/interfaces/libpq'
make -C ../../../src/port all
/usr/bin/install -c  pg_ctl '/home/bench/results/contrib/install/bin/pg_ctl'
/usr/bin/install -c  pg_recvlogical '/home/bench/results/contrib/install/bin/pg_recvlogical'
make[3]: Entering directory '/home/bench/results/contrib/build/src/bin/pg_test_fsync'
make -C ../../../src/port all
make[3]: Entering directory '/home/bench/results/contrib/build/src/bin/pg_test_timing'
make -C ../../../src/port all
make[4]: Entering directory '/home/bench/results/contrib/build/src/port'
make[4]: Nothing to be done for 'all'.
make[4]: Leaving directory '/home/bench/results/contrib/build/src/port'
make[3]: Leaving directory '/home/bench/results/contrib/build/src/bin/pg_ctl'
make[5]: Entering directory '/home/bench/results/contrib/build/src/port'
make[5]: Nothing to be done for 'all'.
make[5]: Leaving directory '/home/bench/results/contrib/build/src/port'
make -C ../../../src/common all
make -C ../../../src/port all
make -C ../../../src/common all
make[3]: Leaving directory '/home/bench/results/contrib/build/src/bin/pg_basebackup'
make -C pg_upgrade install
make[4]: Entering directory '/home/bench/results/contrib/build/src/common'
make[4]: Nothing to be done for 'all'.
make[4]: Leaving directory '/home/bench/results/contrib/build/src/common'
make[5]: Entering directory '/home/bench/results/contrib/build/src/port'
make[5]: Nothing to be done for 'all'.
make[5]: Leaving directory '/home/bench/results/contrib/build/src/port'
make[4]: Entering directory '/home/bench/results/contrib/build/src/port'
make[4]: Nothing to be done for 'all'.
make[4]: Leaving directory '/home/bench/results/contrib/build/src/port'
make -C ../../../src/common all
/usr/bin/install -c  pg_resetwal '/home/bench/results/contrib/install/bin/pg_resetwal'
make -C ../../../src/common all
make[4]: Entering directory '/home/bench/results/contrib/build/src/port'
make[4]: Nothing to be done for 'all'.
make[4]: Leaving directory '/home/bench/results/contrib/build/src/port'
make -C ../../../src/common all
make[4]: Entering directory '/home/bench/results/contrib/build/src/port'
make[4]: Nothing to be done for 'all'.
make[4]: Leaving directory '/home/bench/results/contrib/build/src/port'
make -C ../../../src/common all
make[4]: Entering directory '/home/bench/results/contrib/build/src/common'
make[4]: Nothing to be done for 'all'.
make[4]: Leaving directory '/home/bench/results/contrib/build/src/common'
make[3]: Entering directory '/home/bench/results/contrib/build/src/bin/pg_upgrade'
make -C ../../../src/interfaces/libpq all
make -C ../../../src/port all
make[3]: Leaving directory '/home/bench/results/contrib/build/src/bin/pg_resetwal'
make[5]: Entering directory '/home/bench/results/contrib/build/src/common'
make[5]: Nothing to be done for 'all'.
make[5]: Leaving directory '/home/bench/results/contrib/build/src/common'
make -C pg_verifybackup install
make[4]: Leaving directory '/home/bench/results/contrib/build/src/interfaces/libpq'
make -C ../../../src/port all
make[4]: Entering directory '/home/bench/results/contrib/build/src/interfaces/libpq'
make[3]: Entering directory '/home/bench/results/contrib/build/src/bin/pg_verifybackup'
make -C ../../../src/port all
make -C ../../../src/interfaces/libpq all
make[4]: Entering directory '/home/bench/results/contrib/build/src/common'
make[4]: Nothing to be done for 'all'.
make[4]: Leaving directory '/home/bench/results/contrib/build/src/common'
/usr/bin/mkdir -p '/home/bench/results/contrib/install/bin'
make[4]: Entering directory '/home/bench/results/contrib/build/src/common'
make[4]: Nothing to be done for 'all'.
make[4]: Leaving directory '/home/bench/results/contrib/build/src/common'
make[4]: Entering directory '/home/bench/results/contrib/build/src/port'
make[4]: Nothing to be done for 'all'.
make[4]: Leaving directory '/home/bench/results/contrib/build/src/port'
make[5]: Entering directory '/home/bench/results/contrib/build/src/common'
make[5]: Nothing to be done for 'all'.
make[5]: Leaving directory '/home/bench/results/contrib/build/src/common'
/usr/bin/mkdir -p '/home/bench/results/contrib/install/bin'
make -C ../../../src/common all
make[4]: Leaving directory '/home/bench/results/contrib/build/src/interfaces/libpq'
make -C ../../../src/port all
/usr/bin/install -c  pg_test_fsync '/home/bench/results/contrib/install/bin/pg_test_fsync'
make[4]: Entering directory '/home/bench/results/contrib/build/src/port'
make[4]: Nothing to be done for 'all'.
make[4]: Leaving directory '/home/bench/results/contrib/build/src/port'
make -C ../../../src/common all
/usr/bin/install -c  pg_test_timing '/home/bench/results/contrib/install/bin/pg_test_timing'
make[4]: Entering directory '/home/bench/results/contrib/build/src/common'
make[4]: Nothing to be done for 'all'.
make[4]: Leaving directory '/home/bench/results/contrib/build/src/common'
/usr/bin/mkdir -p '/home/bench/results/contrib/install/bin'
make[3]: Leaving directory '/home/bench/results/contrib/build/src/bin/pg_test_fsync'
make[3]: Leaving directory '/home/bench/results/contrib/build/src/bin/pg_test_timing'
make[4]: Entering directory '/home/bench/results/contrib/build/src/interfaces/libpq'
make -C ../../../src/port all
make -C ../../../src/port all
/usr/bin/mkdir -p '/home/bench/results/contrib/install/bin'
/usr/bin/install -c  pg_rewind '/home/bench/results/contrib/install/bin/pg_rewind'
make[5]: Entering directory '/home/bench/results/contrib/build/src/port'
make[5]: Nothing to be done for 'all'.
make[5]: Leaving directory '/home/bench/results/contrib/build/src/port'
make -C ../../../src/port all
make -C ../../../src/common all
make[4]: Entering directory '/home/bench/results/contrib/build/src/port'
make[4]: Nothing to be done for 'all'.
make[4]: Leaving directory '/home/bench/results/contrib/build/src/port'
make[3]: Leaving directory '/home/bench/results/contrib/build/src/bin/pg_rewind'
make -C ../../../src/common all
/usr/bin/mkdir -p '/home/bench/results/contrib/install/bin'
/usr/bin/mkdir -p '/home/bench/results/contrib/install/bin'
make[4]: Entering directory '/home/bench/results/contrib/build/src/common'
make[4]: Nothing to be done for 'all'.
make[4]: Leaving directory '/home/bench/results/contrib/build/src/common'
make[5]: Entering directory '/home/bench/results/contrib/build/src/port'
make[5]: Nothing to be done for 'all'.
make[5]: Leaving directory '/home/bench/results/contrib/build/src/port'
make -C ../../../src/fe_utils all
make[4]: Entering directory '/home/bench/results/contrib/build/src/common'
make[4]: Nothing to be done for 'all'.
make[4]: Leaving directory '/home/bench/results/contrib/build/src/common'
make -C ../../../src/common all
make -C pg_waldump install
make[4]: Entering directory '/home/bench/results/contrib/build/src/port'
make[4]: Nothing to be done for 'all'.
make[4]: Leaving directory '/home/bench/results/contrib/build/src/port'
make -C ../../../src/common all
make[4]: Entering directory '/home/bench/results/contrib/build/src/port'
make[4]: Nothing to be done for 'all'.
make[4]: Leaving directory '/home/bench/results/contrib/build/src/port'
make -C ../../../src/common all
make -C pg_walsummary install
make[4]: Entering directory '/home/bench/results/contrib/build/src/fe_utils'
make[4]: Nothing to be done for 'all'.
make[4]: Leaving directory '/home/bench/results/contrib/build/src/fe_utils'
make[5]: Entering directory '/home/bench/results/contrib/build/src/common'
make[5]: Nothing to be done for 'all'.
make[5]: Leaving directory '/home/bench/results/contrib/build/src/common'
/usr/bin/install -c  pg_dump '/home/bench/results/contrib/install/bin'/pg_dump
make[4]: Leaving directory '/home/bench/results/contrib/build/src/interfaces/libpq'
make[4]: Entering directory '/home/bench/results/contrib/build/src/common'
make[4]: Nothing to be done for 'all'.
make[4]: Leaving directory '/home/bench/results/contrib/build/src/common'
make -C pgbench install
make[3]: Entering directory '/home/bench/results/contrib/build/src/bin/pg_waldump'
make -C ../../../src/port all
make -C ../../../src/fe_utils all
/usr/bin/install -c  pg_restore '/home/bench/results/contrib/install/bin'/pg_restore
make[3]: Entering directory '/home/bench/results/contrib/build/src/bin/pg_walsummary'
make -C ../../../src/port all
make[5]: Entering directory '/home/bench/results/contrib/build/src/common'
make[5]: Nothing to be done for 'all'.
make[5]: Leaving directory '/home/bench/results/contrib/build/src/common'
make[4]: Leaving directory '/home/bench/results/contrib/build/src/interfaces/libpq'
/usr/bin/mkdir -p '/home/bench/results/contrib/install/bin'
make[4]: Entering directory '/home/bench/results/contrib/build/src/common'
make[4]: Nothing to be done for 'all'.
make[4]: Leaving directory '/home/bench/results/contrib/build/src/common'
make -C psql install
/usr/bin/install -c  pg_dumpall '/home/bench/results/contrib/install/bin'/pg_dumpall
make[3]: Entering directory '/home/bench/results/contrib/build/src/bin/pgbench'
make -C ../../../src/interfaces/libpq all
make[4]: Entering directory '/home/bench/results/contrib/build/src/common'
make[4]: Nothing to be done for 'all'.
make[4]: Leaving directory '/home/bench/results/contrib/build/src/common'
make -C ../../../src/fe_utils all
make -C ../../../src/port all
make[4]: Entering directory '/home/bench/results/contrib/build/src/fe_utils'
make[4]: Nothing to be done for 'all'.
make[4]: Leaving directory '/home/bench/results/contrib/build/src/fe_utils'
/usr/bin/install -c  pg_upgrade '/home/bench/results/contrib/install/bin/pg_upgrade'
make[4]: Entering directory '/home/bench/results/contrib/build/src/port'
make[4]: Nothing to be done for 'all'.
make[4]: Leaving directory '/home/bench/results/contrib/build/src/port'
make -C ../../../src/common all
make[4]: Entering directory '/home/bench/results/contrib/build/src/port'
make[4]: Nothing to be done for 'all'.
make[4]: Leaving directory '/home/bench/results/contrib/build/src/port'
make -C ../../../src/common all
make[3]: Leaving directory '/home/bench/results/contrib/build/src/bin/pg_upgrade'
make[3]: Leaving directory '/home/bench/results/contrib/build/src/bin/pg_dump'
make[4]: Entering directory '/home/bench/results/contrib/build/src/fe_utils'
make[4]: Nothing to be done for 'all'.
make[4]: Leaving directory '/home/bench/results/contrib/build/src/fe_utils'
make -C scripts install
make -C ../../../src/port all
/usr/bin/install -c  pg_verifybackup '/home/bench/results/contrib/install/bin/pg_verifybackup'
make[4]: Entering directory '/home/bench/results/contrib/build/src/interfaces/libpq'
make -C ../../../src/port all
make[4]: Entering directory '/home/bench/results/contrib/build/src/port'
make[4]: Nothing to be done for 'all'.
make[4]: Leaving directory '/home/bench/results/contrib/build/src/port'
make -C ../../../src/common all
make[3]: Entering directory '/home/bench/results/contrib/build/src/bin/scripts'
make -C ../../../src/interfaces/libpq all
make[3]: Leaving directory '/home/bench/results/contrib/build/src/bin/pg_verifybackup'
make -C ../../../src/port all
make[4]: Entering directory '/home/bench/results/contrib/build/src/port'
make[4]: Entering directory '/home/bench/results/contrib/build/src/common'
make[4]: Nothing to be done for 'all'.
make[4]: Nothing to be done for 'all'.
make[4]: Leaving directory '/home/bench/results/contrib/build/src/port'
make[4]: Leaving directory '/home/bench/results/contrib/build/src/common'
make[5]: Entering directory '/home/bench/results/contrib/build/src/port'
make[5]: Nothing to be done for 'all'.
make[5]: Leaving directory '/home/bench/results/contrib/build/src/port'
/usr/bin/install -c  pg_waldump '/home/bench/results/contrib/install/bin/pg_waldump'
make -C ../../../src/common all
make -C ../../../src/common all
make[4]: Entering directory '/home/bench/results/contrib/build/src/common'
make[4]: Nothing to be done for 'all'.
make[4]: Leaving directory '/home/bench/results/contrib/build/src/common'
/usr/bin/mkdir -p '/home/bench/results/contrib/install/bin'
make[4]: Entering directory '/home/bench/results/contrib/build/src/interfaces/libpq'
make -C ../../../src/port all
make -C ../../../src/port all
make[3]: Leaving directory '/home/bench/results/contrib/build/src/bin/pg_waldump'
make -C ../../../src/port all
make[4]: Entering directory '/home/bench/results/contrib/build/src/port'
make[4]: Nothing to be done for 'all'.
make[4]: Leaving directory '/home/bench/results/contrib/build/src/port'
make[4]: Entering directory '/home/bench/results/contrib/build/src/common'
make[4]: Nothing to be done for 'all'.
make[4]: Leaving directory '/home/bench/results/contrib/build/src/common'
/usr/bin/mkdir -p '/home/bench/results/contrib/install/bin'
make -C ../../../src/common all
make[5]: Entering directory '/home/bench/results/contrib/build/src/common'
make[5]: Nothing to be done for 'all'.
make[5]: Leaving directory '/home/bench/results/contrib/build/src/common'
make[4]: Leaving directory '/home/bench/results/contrib/build/src/interfaces/libpq'
make[5]: Entering directory '/home/bench/results/contrib/build/src/port'
make[5]: Nothing to be done for 'all'.
make[5]: Leaving directory '/home/bench/results/contrib/build/src/port'
make -C ../../../src/common all
make[4]: Entering directory '/home/bench/results/contrib/build/src/port'
make[4]: Nothing to be done for 'all'.
make[4]: Leaving directory '/home/bench/results/contrib/build/src/port'
/usr/bin/mkdir -p '/home/bench/results/contrib/install/bin'
make -C ../../../src/common all
make[4]: Entering directory '/home/bench/results/contrib/build/src/common'
make[4]: Nothing to be done for 'all'.
make[4]: Leaving directory '/home/bench/results/contrib/build/src/common'
make -C ../../../src/fe_utils all
make[4]: Entering directory '/home/bench/results/contrib/build/src/port'
make[4]: Nothing to be done for 'all'.
make[4]: Leaving directory '/home/bench/results/contrib/build/src/port'
make -C ../../../src/common all
make[4]: Entering directory '/home/bench/results/contrib/build/src/fe_utils'
make[4]: Nothing to be done for 'all'.
make[4]: Leaving directory '/home/bench/results/contrib/build/src/fe_utils'
/usr/bin/install -c  pgbench '/home/bench/results/contrib/install/bin/pgbench'
make[4]: Entering directory '/home/bench/results/contrib/build/src/common'
make[4]: Nothing to be done for 'all'.
make[4]: Leaving directory '/home/bench/results/contrib/build/src/common'
make -C ../../../src/fe_utils all
make[5]: Entering directory '/home/bench/results/contrib/build/src/common'
make[5]: Nothing to be done for 'all'.
make[5]: Leaving directory '/home/bench/results/contrib/build/src/common'
make[4]: Leaving directory '/home/bench/results/contrib/build/src/interfaces/libpq'
make[3]: Leaving directory '/home/bench/results/contrib/build/src/bin/pgbench'
make[4]: Entering directory '/home/bench/results/contrib/build/src/common'
make[4]: Nothing to be done for 'all'.
make[4]: Leaving directory '/home/bench/results/contrib/build/src/common'
make[4]: Entering directory '/home/bench/results/contrib/build/src/fe_utils'
make[4]: Nothing to be done for 'all'.
make[4]: Leaving directory '/home/bench/results/contrib/build/src/fe_utils'
/usr/bin/install -c  pg_walsummary '/home/bench/results/contrib/install/bin/pg_walsummary'
make[4]: Entering directory '/home/bench/results/contrib/build/src/common'
make[4]: Nothing to be done for 'all'.
make[4]: Leaving directory '/home/bench/results/contrib/build/src/common'
make -C ../../../src/fe_utils all
make[3]: Leaving directory '/home/bench/results/contrib/build/src/bin/pg_walsummary'
make[4]: Entering directory '/home/bench/results/contrib/build/src/fe_utils'
make[4]: Nothing to be done for 'all'.
make[4]: Leaving directory '/home/bench/results/contrib/build/src/fe_utils'
/usr/bin/install -c  createdb   '/home/bench/results/contrib/install/bin'/createdb
/usr/bin/install -c  dropdb     '/home/bench/results/contrib/install/bin'/dropdb
/usr/bin/install -c  createuser '/home/bench/results/contrib/install/bin'/createuser
/usr/bin/install -c  dropuser   '/home/bench/results/contrib/install/bin'/dropuser
/usr/bin/install -c  clusterdb  '/home/bench/results/contrib/install/bin'/clusterdb
/usr/bin/install -c  vacuumdb   '/home/bench/results/contrib/install/bin'/vacuumdb
/usr/bin/install -c  reindexdb  '/home/bench/results/contrib/install/bin'/reindexdb
/usr/bin/install -c  pg_isready '/home/bench/results/contrib/install/bin'/pg_isready
make[3]: Leaving directory '/home/bench/results/contrib/build/src/bin/scripts'
make[3]: Entering directory '/home/bench/results/contrib/build/src/bin/psql'
make -C ../../../src/interfaces/libpq all
make -C ../../../src/port all
make -C ../../../src/port all
/usr/bin/mkdir -p '/home/bench/results/contrib/install/bin' '/home/bench/results/contrib/install/share/postgresql'
make[4]: Entering directory '/home/bench/results/contrib/build/src/interfaces/libpq'
make -C ../../../src/port all
make[4]: Entering directory '/home/bench/results/contrib/build/src/port'
make[4]: Nothing to be done for 'all'.
make[4]: Leaving directory '/home/bench/results/contrib/build/src/port'
make[4]: Entering directory '/home/bench/results/contrib/build/src/port'
make[4]: Nothing to be done for 'all'.
make[4]: Leaving directory '/home/bench/results/contrib/build/src/port'
make -C ../../../src/common all
make -C ../../../src/common all
make[5]: Entering directory '/home/bench/results/contrib/build/src/port'
make[5]: Nothing to be done for 'all'.
make[5]: Leaving directory '/home/bench/results/contrib/build/src/port'
make -C ../../../src/common all
make[4]: Entering directory '/home/bench/results/contrib/build/src/common'
make[4]: Nothing to be done for 'all'.
make[4]: Leaving directory '/home/bench/results/contrib/build/src/common'
make -C ../../../src/fe_utils all
make[4]: Entering directory '/home/bench/results/contrib/build/src/common'
make[4]: Nothing to be done for 'all'.
make[4]: Leaving directory '/home/bench/results/contrib/build/src/common'
make[4]: Entering directory '/home/bench/results/contrib/build/src/fe_utils'
make[4]: Nothing to be done for 'all'.
make[4]: Leaving directory '/home/bench/results/contrib/build/src/fe_utils'
make[5]: Entering directory '/home/bench/results/contrib/build/src/common'
make[5]: Nothing to be done for 'all'.
make[5]: Leaving directory '/home/bench/results/contrib/build/src/common'
make[4]: Leaving directory '/home/bench/results/contrib/build/src/interfaces/libpq'
/usr/bin/install -c  psql '/home/bench/results/contrib/install/bin/psql'
/usr/bin/install -c -m 644 /home/bench/results/contrib/source/src/bin/psql/psqlrc.sample '/home/bench/results/contrib/install/share/postgresql/psqlrc.sample'
make[3]: Leaving directory '/home/bench/results/contrib/build/src/bin/psql'
make[2]: Leaving directory '/home/bench/results/contrib/build/src/bin'
make -C pl install
make[2]: Entering directory '/home/bench/results/contrib/build/src/pl'
make -C plpgsql install
make[3]: Entering directory '/home/bench/results/contrib/build/src/pl/plpgsql'
make -C src install
make[4]: Entering directory '/home/bench/results/contrib/build/src/pl/plpgsql/src'
/usr/bin/mkdir -p '/home/bench/results/contrib/install/lib/postgresql'
/usr/bin/install -c -m 755  plpgsql.so '/home/bench/results/contrib/install/lib/postgresql/plpgsql.so'
/usr/bin/mkdir -p '/home/bench/results/contrib/install/share/postgresql/extension'
/usr/bin/mkdir -p '/home/bench/results/contrib/install/include/postgresql/server'
/usr/bin/install -c -m 644 /home/bench/results/contrib/source/src/pl/plpgsql/src/plpgsql.control /home/bench/results/contrib/source/src/pl/plpgsql/src/plpgsql--1.0.sql '/home/bench/results/contrib/install/share/postgresql/extension/'
/usr/bin/install -c -m 644 '/home/bench/results/contrib/source/src/pl/plpgsql/src/plpgsql.h' '/home/bench/results/contrib/install/include/postgresql/server'
make[4]: Leaving directory '/home/bench/results/contrib/build/src/pl/plpgsql/src'
make[3]: Leaving directory '/home/bench/results/contrib/build/src/pl/plpgsql'
make[2]: Leaving directory '/home/bench/results/contrib/build/src/pl'
make -C makefiles install
make[2]: Entering directory '/home/bench/results/contrib/build/src/makefiles'
/usr/bin/mkdir -p '/home/bench/results/contrib/install/lib/postgresql/pgxs/src/makefiles'
/usr/bin/install -c -m 644 /home/bench/results/contrib/source/src/makefiles/pgxs.mk '/home/bench/results/contrib/install/lib/postgresql/pgxs/src/makefiles/'
make[2]: Leaving directory '/home/bench/results/contrib/build/src/makefiles'
make -C test/regress install
make[2]: Entering directory '/home/bench/results/contrib/build/src/test/regress'
make -C ../../../src/port all
/usr/bin/mkdir -p '/home/bench/results/contrib/install/lib/postgresql/pgxs/src/test/regress'
make[3]: Entering directory '/home/bench/results/contrib/build/src/port'
make[3]: Nothing to be done for 'all'.
make[3]: Leaving directory '/home/bench/results/contrib/build/src/port'
make -C ../../../src/common all
make[3]: Entering directory '/home/bench/results/contrib/build/src/common'
make[3]: Nothing to be done for 'all'.
make[3]: Leaving directory '/home/bench/results/contrib/build/src/common'
/usr/bin/install -c  pg_regress '/home/bench/results/contrib/install/lib/postgresql/pgxs/src/test/regress/pg_regress'
make[2]: Leaving directory '/home/bench/results/contrib/build/src/test/regress'
make -C test/isolation install
make[2]: Entering directory '/home/bench/results/contrib/build/src/test/isolation'
make -C ../../../src/interfaces/libpq all
make -C ../../../src/port all
/usr/bin/mkdir -p '/home/bench/results/contrib/install/lib/postgresql/pgxs/src/test/isolation'
make[3]: Entering directory '/home/bench/results/contrib/build/src/interfaces/libpq'
make -C ../../../src/port all
make[3]: Entering directory '/home/bench/results/contrib/build/src/port'
make[3]: Nothing to be done for 'all'.
make[3]: Leaving directory '/home/bench/results/contrib/build/src/port'
make -C ../../../src/common all
make[4]: Entering directory '/home/bench/results/contrib/build/src/port'
make[4]: Nothing to be done for 'all'.
make[4]: Leaving directory '/home/bench/results/contrib/build/src/port'
make -C ../../../src/common all
make[3]: Entering directory '/home/bench/results/contrib/build/src/common'
make[3]: Nothing to be done for 'all'.
make[3]: Leaving directory '/home/bench/results/contrib/build/src/common'
make[4]: Entering directory '/home/bench/results/contrib/build/src/common'
make[4]: Nothing to be done for 'all'.
make[4]: Leaving directory '/home/bench/results/contrib/build/src/common'
make[3]: Leaving directory '/home/bench/results/contrib/build/src/interfaces/libpq'
/usr/bin/install -c  pg_isolation_regress '/home/bench/results/contrib/install/lib/postgresql/pgxs/src/test/isolation/pg_isolation_regress'
/usr/bin/install -c  isolationtester '/home/bench/results/contrib/install/lib/postgresql/pgxs/src/test/isolation/isolationtester'
make[2]: Leaving directory '/home/bench/results/contrib/build/src/test/isolation'
make -C test/perl install
make[2]: Entering directory '/home/bench/results/contrib/build/src/test/perl'
/usr/bin/mkdir -p '/home/bench/results/contrib/install/lib/postgresql/pgxs/src/test/perl/PostgreSQL/Test'
/usr/bin/install -c -m 644 /home/bench/results/contrib/source/src/test/perl/PostgreSQL/Test/Utils.pm '/home/bench/results/contrib/install/lib/postgresql/pgxs/src/test/perl/PostgreSQL/Test/Utils.pm'
/usr/bin/install -c -m 644 /home/bench/results/contrib/source/src/test/perl/PostgreSQL/Test/SimpleTee.pm '/home/bench/results/contrib/install/lib/postgresql/pgxs/src/test/perl/PostgreSQL/Test/SimpleTee.pm'
/usr/bin/install -c -m 644 /home/bench/results/contrib/source/src/test/perl/PostgreSQL/Test/RecursiveCopy.pm '/home/bench/results/contrib/install/lib/postgresql/pgxs/src/test/perl/PostgreSQL/Test/RecursiveCopy.pm'
/usr/bin/install -c -m 644 /home/bench/results/contrib/source/src/test/perl/PostgreSQL/Test/Kerberos.pm '/home/bench/results/contrib/install/lib/postgresql/pgxs/src/test/perl/PostgreSQL/Test/Kerberos.pm'
/usr/bin/install -c -m 644 /home/bench/results/contrib/source/src/test/perl/PostgreSQL/Test/Cluster.pm '/home/bench/results/contrib/install/lib/postgresql/pgxs/src/test/perl/PostgreSQL/Test/Cluster.pm'
/usr/bin/install -c -m 644 /home/bench/results/contrib/source/src/test/perl/PostgreSQL/Test/BackgroundPsql.pm '/home/bench/results/contrib/install/lib/postgresql/pgxs/src/test/perl/PostgreSQL/Test/BackgroundPsql.pm'
/usr/bin/install -c -m 644 /home/bench/results/contrib/source/src/test/perl/PostgreSQL/Test/AdjustDump.pm '/home/bench/results/contrib/install/lib/postgresql/pgxs/src/test/perl/PostgreSQL/Test/AdjustDump.pm'
/usr/bin/install -c -m 644 /home/bench/results/contrib/source/src/test/perl/PostgreSQL/Test/AdjustUpgrade.pm '/home/bench/results/contrib/install/lib/postgresql/pgxs/src/test/perl/PostgreSQL/Test/AdjustUpgrade.pm'
/usr/bin/install -c -m 644 /home/bench/results/contrib/source/src/test/perl/PostgreSQL/Version.pm '/home/bench/results/contrib/install/lib/postgresql/pgxs/src/test/perl/PostgreSQL/Version.pm'
make[2]: Leaving directory '/home/bench/results/contrib/build/src/test/perl'
/usr/bin/mkdir -p '/home/bench/results/contrib/install/lib/postgresql/pgxs/src'
/usr/bin/install -c -m 644 Makefile.global '/home/bench/results/contrib/install/lib/postgresql/pgxs/src/Makefile.global'
/usr/bin/install -c -m 644 Makefile.port '/home/bench/results/contrib/install/lib/postgresql/pgxs/src/Makefile.port'
/usr/bin/install -c -m 644 /home/bench/results/contrib/source/src/Makefile.shlib '/home/bench/results/contrib/install/lib/postgresql/pgxs/src/Makefile.shlib'
/usr/bin/install -c -m 644 /home/bench/results/contrib/source/src/nls-global.mk '/home/bench/results/contrib/install/lib/postgresql/pgxs/src/nls-global.mk'
make[1]: Leaving directory '/home/bench/results/contrib/build/src'
make: Leaving directory '/home/bench/results/contrib/build'
make: Entering directory '/home/bench/results/contrib/build/contrib/pg_stat_log'
make -C ../../src/backend generated-headers
make[1]: Entering directory '/home/bench/results/contrib/build/src/backend'
make -C ../include/catalog generated-headers
make[2]: Entering directory '/home/bench/results/contrib/build/src/include/catalog'
make[2]: Nothing to be done for 'generated-headers'.
make[2]: Leaving directory '/home/bench/results/contrib/build/src/include/catalog'
make -C nodes generated-header-symlinks
make[2]: Entering directory '/home/bench/results/contrib/build/src/backend/nodes'
make[2]: Nothing to be done for 'generated-header-symlinks'.
make[2]: Leaving directory '/home/bench/results/contrib/build/src/backend/nodes'
make -C utils generated-header-symlinks
make[2]: Entering directory '/home/bench/results/contrib/build/src/backend/utils'
make -C adt jsonpath_gram.h
make[3]: Entering directory '/home/bench/results/contrib/build/src/backend/utils/adt'
make[3]: 'jsonpath_gram.h' is up to date.
make[3]: Leaving directory '/home/bench/results/contrib/build/src/backend/utils/adt'
make[2]: Leaving directory '/home/bench/results/contrib/build/src/backend/utils'
make[1]: Leaving directory '/home/bench/results/contrib/build/src/backend'
/usr/bin/mkdir -p '/home/bench/results/contrib/install/lib/postgresql'
/usr/bin/mkdir -p '/home/bench/results/contrib/install/share/postgresql/extension'
/usr/bin/mkdir -p '/home/bench/results/contrib/install/share/postgresql/extension'
/usr/bin/install -c -m 755  pg_stat_log.so '/home/bench/results/contrib/install/lib/postgresql/pg_stat_log.so'
/usr/bin/install -c -m 644 /home/bench/results/contrib/source/contrib/pg_stat_log/pg_stat_log.control '/home/bench/results/contrib/install/share/postgresql/extension/'
/usr/bin/install -c -m 644 /home/bench/results/contrib/source/contrib/pg_stat_log/pg_stat_log--0.1.sql  '/home/bench/results/contrib/install/share/postgresql/extension/'
make: Leaving directory '/home/bench/results/contrib/build/contrib/pg_stat_log'
